similarity1,similarity2,name,latitude,longitude,stars,review_count,category
0.59531,0.75191,Morning Glory Cafe,33.390792,-112.012504,4.0,116,Breakfast & Brunch
0.84802,0.55873,Spinato's Pizzeria,33.3056067,-111.9787576,4.0,102,Italian
0.10484,0.77004,Haji-Baba,33.414345,-111.913031,4.5,265,etc
0.87600,0.38070,Chaparral Dog Park,33.5229446452,-111.907886267,4.5,88,Arts & Entertainment
0.03846,0.60769,Quiessence Restaurant,33.390792,-112.012504,3.5,109,Nightlife
0.01373,0.80983,La Condesa Gourmet Taco Shop,33.4691316,-112.0475116,4.0,307,Mexican
0.14928,0.38909,Phoenix Sky Harbor International Airport,33.43475,-112.00644,3.0,862,Hotels & Travel
0.24123,0.73894,Stingray Sushi,33.5096045,-112.0257401,3.0,163,Asian
0.05437,0.77455,Nobuo At Teeter House,33.4495394,-112.0656645,4.5,189,Asian
0.38026,0.47833,Lee's Sandwiches,33.334712,-111.87479,4.0,192,etc
0.34088,0.76370,Rosie McCaffrey's,33.509517,-112.061566,4.0,151,Nightlife
0.62130,0.37480,1130 The Restaurant,33.4527955,-112.0693177,3.0,86,American
0.00533,0.78364,Carlsbad Tavern,33.4869182,-111.908738,4.0,262,Nightlife
0.00649,0.86897,AZ 88,33.492335,-111.9236549,4.0,299,Nightlife
0.69363,0.54881,Mary Coyle's Ol' Fashioned Ice Cream and Yogurt Parlor,33.5174282,-112.0823075,3.5,100,Asian
0.01006,0.89562,True Food Kitchen,33.5102068,-112.0272041,4.0,434,American
0.86139,0.41675,Thai Lahna Restaurant,33.4951558,-112.0010198,3.5,101,Asian
0.91611,0.16929,Sylvia's La Canasta Mexican Restaurant,33.5168513,-112.0824552,3.0,80,Mexican
0.90425,0.30306,BJ's Restaurant & Brewhouse,33.678615,-111.9746066,3.5,79,Asian
0.00002,0.92077,Cibo,33.4548476,-112.0800705,4.5,594,Italian
0.20065,0.55477,Salt Cellar,33.4542695,-111.9094198,3.5,147,American
0.96956,0.22574,Wildflower Bread Company,33.6275125,-111.8954112,4.0,71,Breakfast & Brunch
0.98803,0.21846,Touch Of Thai,33.6382871,-112.134828,4.0,85,Asian
0.85051,0.20845,Cold Beers & Cheeseburgers,33.6765685033,-111.924676895,3.0,70,American
0.82722,0.40898,Frances,33.509656,-112.07454,4.0,90,etc
0.87519,0.50832,Lee's Cream Liqueur,33.499318,-111.927164,4.5,95,Asian
0.06517,0.80319,Lux,33.5005719,-112.0741143,4.0,461,Asian
0.49402,0.84104,The Coffee Shop,33.321864,-111.726244,4.0,165,Asian
0.00924,0.78993,The Herb Box,33.499504,-111.927891,4.0,236,American
0.01943,0.80538,La Grande Orange Pizzeria,33.5024095,-111.9955012,4.5,292,Italian
0.22516,0.69557,Teharu Sushi,33.3216034,-111.9626175,3.5,196,Asian
0.00084,0.78726,Lo-Lo's Chicken & Waffles,33.4354553,-112.0739136,4.5,450,etc
0.82234,0.56892,Vintage 95,33.302011,-111.842615,4.5,71,Nightlife
0.00184,0.97774,Maizie's Cafe & Bistro,33.5071469,-112.0744706,4.0,258,American
0.90733,0.47117,Alessia's Ristorante Italiano,33.4373518,-111.7181797,4.5,61,American
0.33776,0.44333,Jimmy Buffett's Margaritaville,33.531725,-112.261226,2.5,112,Nightlife
0.08651,0.93457,Kazimierz World Wine Bar,33.4995106,-111.9272212,4.0,245,Nightlife
0.82626,0.21675,Twin Peaks,33.629168,-111.89157,3.0,76,Nightlife
0.74984,0.80243,Noodles Ranch,33.4787939,-111.9259092,4.0,144,Asian
0.36109,0.54299,La Piccola Cucina,33.472674,-112.064752,3.5,104,American
0.82116,0.22793,Buffalo Exchange,33.4219332,-111.9431045,3.0,70,etc
0.94955,0.46759,The Good Egg,33.511391,-112.069119,3.0,69,Breakfast & Brunch
0.00039,0.94901,The Arrogant Butcher,33.4471735,-112.073781,4.0,321,American
0.03541,0.72736,Yard House,33.534203,-112.2618153,4.0,200,Vegetarian
0.63961,0.26984,Arizona Exposition & State Fair,33.4462721,-112.0893682,3.0,62,Arts & Entertainment
0.02995,0.79281,Green,33.453786902,-111.927165985,4.5,477,Vegetarian
0.00379,0.94403,Rokerij,33.530335,-112.047101,4.0,272,Mexican
0.25506,0.69052,Clarendon Hotel,33.49112,-112.079081,3.5,197,Hotels & Travel
0.00237,0.76386,Coup Des Tartes,33.5044193,-112.0475633,4.0,177,etc
0.00377,0.91398,Mastro's City Hall Steakhouse,33.50201,-111.9313599,4.5,276,American
0.00262,0.89094,Cornish Pasty Company,33.362719,-111.8761389,4.5,333,etc
0.92872,0.43833,Cartel Coffee Lab,33.4982894,-111.9275491,4.5,79,Asian
0.00138,0.89264,Fuego Bistro,33.5218465,-112.0648577,4.0,258,etc
0.81699,0.36919,Monkey Pants Bar & Grill,33.3941258,-111.9394645,3.5,77,Nightlife
0.08255,0.86336,Don & Charlie's,33.501821,-111.919938,4.0,183,American
0.99729,0.23473,Desert Jade,33.4951447,-112.0118398,4.0,69,Asian
0.73193,0.43167,Big Earl's BBQ,33.4939313,-111.9256266,3.5,98,American
0.88364,0.77892,Kyoto Japanese Restaurant,33.500238,-111.926921,3.5,112,Asian
0.01050,0.83773,Pappadeaux Seafood Kitchen,33.5879473,-112.1164668,4.0,271,American
0.95189,0.48542,Kampai,33.6399519009,-112.019165148,3.5,54,etc
0.67097,0.41249,Asian Cafe Express,33.413324,-111.873436,4.0,120,Asian
0.87175,0.29444,Rainforest Cafe,33.383123,-111.964485,2.5,76,American
0.07190,0.61133,Aiello's,33.51315,-112.073765,4.0,125,American
0.00003,0.84291,The Mission,33.4922985,-111.9245517,4.0,441,etc
0.68986,0.08621,Frank & Albert's,33.5160662,-112.029562,3.5,73,American
0.53037,0.50944,SOL Mexican Cocina,33.6177796,-111.9258843,3.5,97,Mexican
0.00435,0.81533,Bobby Q,33.5612589,-112.1156244,4.5,363,American
0.01567,0.84004,RnR,33.4915779,-111.925841,3.5,264,Breakfast & Brunch
0.33306,0.65005,Moto Sushi,33.5369963,-112.0474809,3.5,139,Asian
0.99197,0.34828,Athenian Express,33.4574932,-112.0740241,3.5,61,Italian
0.47006,0.50435,Pita Jungle,33.6749989,-111.9776027,4.0,145,Vegetarian
0.88652,0.20507,Wildflower Bread Company,33.362444,-111.912417,4.0,84,Breakfast & Brunch
0.33118,0.74261,Luci's Healthy Marketplace,33.5239431,-112.0478898,3.5,155,etc
0.47455,0.49866,Breakfast Joynt,33.620562,-111.8963279,3.5,142,Breakfast & Brunch
0.76857,0.28654,Los Dos Molinos,33.448717,-112.059954,3.5,80,Mexican
0.54268,0.69913,Iruna,33.4920804,-111.9255527,3.5,95,etc
0.07388,0.71024,Malee's Thai Bistro,33.492962,-111.927751,4.0,243,Asian
0.96389,0.34841,Yogurtology,33.4941704,-111.9260519,4.0,72,Asian
0.85275,0.34511,Carolina's Mexican Food,33.597213,-112.03605,4.0,147,Mexican
0.35201,0.54886,Desert Botanical Garden,33.4608045,-111.9477654,4.5,262,Arts & Entertainment
0.97627,0.36722,India Palace,33.6397237,-112.1223355,3.5,74,etc
0.98662,0.27633,Tacos De Juarez,33.4594331,-112.0650431,4.0,52,Mexican
0.03529,0.78995,Casey Moore's Oyster House,33.420571,-111.942444,4.0,317,Nightlife
0.80607,0.19661,Marcella's Italian Kitchen,33.5025941,-111.9296765,3.0,58,American
0.87167,0.30455,Tradiciones,33.4596905,-112.0462108,3.5,57,Mexican
0.02404,0.78760,Mellow Mushroom,33.7129847,-112.1114555,3.5,219,Italian
0.00777,0.81406,SanTan Brewing Company,33.303233,-111.842532,4.0,283,Asian
0.36990,0.45962,Two Hippies Magic Mushroom Burgers,33.495024,-112.063756,3.5,122,American
0.01100,0.88321,Liberty Market,33.3547012,-111.7897898,4.5,390,Asian
0.73670,0.07851,T. Roosevelt's Tavern,33.4960515,-111.9302928,4.0,64,Nightlife
0.98654,0.33426,The Farm Kitchen,33.390792,-112.012504,4.0,52,Breakfast & Brunch
0.50731,0.17266,Dave & Buster's,33.4329724,-111.9043028,3.5,88,Arts & Entertainment
0.02141,0.86067,Joe's Farm Grill,33.3210616448,-111.723918915,4.0,525,American
0.10474,0.61301,Havana Caf,33.5092093,-111.9885861,3.5,147,etc
0.65716,0.50204,Tempe Marketplace,33.4329724,-111.9043028,3.5,117,Asian
0.00830,0.62111,Lucille's Smokehouse Bar-B-Que,33.4366655,-111.9403254,3.0,178,etc
0.54191,0.70533,Sugar Bowl Ice Cream Parlor,33.4938219,-111.9259965,3.5,197,Asian
0.84965,0.44643,Tottie's Asian Fusion,33.5285509,-111.9258733,4.0,76,Asian
0.42559,0.51936,Los Olivos,33.491546,-111.923427,3.0,146,Mexican
0.00239,0.87819,Beckett's Table,33.4951366,-112.0012318,4.0,323,American
0.00015,0.80671,Zinburger,33.5095354,-112.0275918,3.5,305,American
0.41716,0.49157,Mrs. White's Golden Rule Cafe,33.447521,-112.063434,3.5,107,etc
0.95199,0.26016,Gordon Biersch Brewery Restaurant,33.3088284,-111.7425488,3.0,67,Asian
0.00480,0.79415,Pizzeria Bianco,33.449233,-112.065458,4.0,803,Italian
0.92467,0.34632,Grimaldi's,33.6729823,-111.8904749,4.0,83,Italian
0.02013,0.74392,The Breakfast Club,33.500545,-111.9264093,3.5,290,Breakfast & Brunch
0.34352,0.67463,The Turf,33.455863,-112.072167,3.5,122,Nightlife
0.25108,0.81676,Trader Vic's,33.493298,-111.934032,3.5,117,Asian
0.00984,0.86485,Hana Japanese Eatery,33.5173991,-112.0824683,4.0,199,Asian
0.76451,0.66528,MacAlpine's Soda Fountain,33.4732683,-112.0649453,3.5,133,Asian
0.66630,0.30845,Honey Bear's BBQ,33.4796744,-112.0739818,3.0,125,American
0.00222,0.88083,Cowboy Ciao,33.499499,-111.927402,4.0,349,American
0.00001,0.78255,Barrio Caf,33.4787943,-112.0478085,4.0,398,Mexican
0.97272,0.24244,A Touch of European Cafe,33.5414182,-112.1825527,4.5,61,etc
0.19359,0.79686,Los Sombreros Mexican Food & Cocktails,33.4765807,-111.9265203,3.5,149,Mexican
0.26312,0.72197,The Lost Leaf,33.4581958,-112.0676886,4.0,227,Nightlife
0.26342,0.49927,J & G Steakhouse,33.5019519,-111.9514403,4.0,94,American
0.65194,0.52910,Joe's Diner,33.5016589,-112.04725,4.0,126,Breakfast & Brunch
0.96643,0.43883,Saigon Nites Vietnamese Cuisine,33.622009,-111.90459,3.5,65,Asian
0.86297,0.12468,Jimmy's of Chicago,33.31081,-111.772012,3.5,58,American
0.16610,0.60654,Oregano's Pizza Bistro,33.4216173426,-111.946675175,4.0,202,Italian
0.10912,0.75919,Brat Haus,33.4900575,-111.9262552,4.0,143,etc
0.00814,0.78168,Over Easy,33.4948197,-111.9798208,3.5,310,Breakfast & Brunch
0.83639,0.73441,Dos Gringos,33.4969773,-111.9275971,3.5,136,etc
0.00010,0.90246,Citizen Public House,33.498028,-111.927951,4.5,347,etc
0.81132,0.49355,The Herb Box Eatery & Market,33.673667,-111.8892551,4.0,87,etc
0.82390,0.34352,HTC Body Piercing,33.4211681,-111.942514,5.0,78,etc
0.36404,0.22886,Metro Light Rail,33.449799,-112.074714,3.5,132,Hotels & Travel
0.00713,0.94587,La Bocca Urban Pizzeria + Wine Bar,33.4234408327,-111.939622164,4.0,303,Nightlife
0.93124,0.39369,Herb 'n Flavors,33.4065733395,-111.908111572,4.0,62,Italian
0.86370,0.29074,La Hacienda by Richard Sandoval,33.6462961,-111.9189477,4.0,47,Mexican
0.00129,0.84335,The Vig,33.494459,-111.9953287,3.5,316,Nightlife
0.25077,0.77315,Arcadia Tavern,33.494238,-111.977849,3.5,160,Nightlife
0.63464,0.62716,Camelback Inn, A JW Marriott Resort & Spa, Scottsdale,33.5336234,-111.9652641,4.0,103,etc
0.13621,0.71564,Sweet Republic,33.58348,-111.883526,4.5,335,Asian
0.33079,0.60541,Lobbys Beef Burgers Dogs,33.3947699,-111.9088938,4.5,181,American
0.59167,0.35787,The Clubhouse Music Venue,33.4075613,-111.9172951,3.0,61,Arts & Entertainment
0.95846,0.10129,Cafe Rio,33.377523,-111.788968,3.5,61,Mexican
0.32035,0.59841,Lalibela Ethiopian Cafe,33.421909,-111.9506847,4.0,179,etc
0.71103,0.26685,ASU Gammage,33.4163799,-111.9380236,3.5,62,Arts & Entertainment
0.00003,0.87809,Postino Central,33.5127699,-112.0740123,4.5,402,Nightlife
0.00850,0.77429,Matt's Big Breakfast,33.4566960574,-112.072327137,4.0,689,Breakfast & Brunch
0.11097,0.66679,Chino Bandido,33.304492,-111.873637,3.5,229,Asian
0.45683,0.48508,Scottsdale Fashion Square,33.5025941,-111.9296765,4.0,228,etc
0.62654,0.58579,Richardson's Cuisine of New Mexico,33.5237203,-112.0480242,4.0,101,Mexican
0.64882,0.39728,Stockyards Restaurant,33.4461951337,-111.974934614,4.0,72,American
0.74131,0.33737,Yoli's Cafe,33.299873,-111.842586,4.0,94,American
0.81111,0.34726,Famous Dave's,33.298212,-111.898601,4.0,85,American
0.97572,0.34842,Cafe Istanbul & Market,33.4148837,-111.9169665,4.0,68,etc
0.26543,0.71110,Blue Adobe Grille,33.418418,-111.84057,4.0,143,Nightlife
0.46672,0.72860,Boulders On Broadway,33.407561,-111.9475246,4.0,139,Nightlife
0.02046,0.80306,Kabuki Japanese Restaurant,33.4329724,-111.9043028,3.5,165,Asian
0.92184,0.39154,George & Son's Asian Cuisine,33.5881614,-111.8378867,4.0,56,Asian
0.01480,0.69654,District American Kitchen and Wine Bar,33.4514309,-112.0701057,3.5,171,American
0.84708,0.53119,The Hungry Monk,33.306529,-111.872801,4.0,100,Nightlife
0.88780,0.49982,Cantina Laredo,33.637034,-111.9217796,3.5,92,Mexican
0.22766,0.53279,Camelback Mountain,33.5219518275,-111.974372864,4.5,212,Arts & Entertainment
0.92878,0.26520,Coal Burger,33.6235418,-111.9255447,3.0,63,American
0.11128,0.86408,SideBar,33.4653362,-112.0827836,4.0,235,Nightlife
0.70269,0.74433,Mi Comida Restaurante Latino,33.6391363,-112.150244,4.5,104,etc
0.01727,0.70010,Pizza A Metro,33.4806776,-112.1091081,4.5,193,American
0.65174,0.52644,Eddie V's Prime Seafood,33.6251838,-111.9255108,4.0,71,American
0.00255,0.82138,The Main Ingredient Ale House And Caf,33.474605,-112.065107,4.0,238,American
0.79177,0.26554,Hazelwoods First Place Sports Grill,33.495466,-112.003105,3.0,64,Nightlife
0.03975,0.83723,Essence Bakery Caf,33.4217923,-111.951184,4.0,263,Breakfast & Brunch
0.62264,0.72668,Sushi Eye,33.331773,-111.978279,3.5,130,Asian
0.05234,0.84204,Scramble,33.5754755,-112.0651592,4.0,248,Breakfast & Brunch
0.73568,0.32934,Andreoli Italian Grocer,33.569524,-111.889631,4.0,67,Breakfast & Brunch
0.00761,0.85715,Delux,33.5100398,-112.0146407,4.0,502,American
0.93264,0.14994,Restaurant Mexico,33.4259681,-111.939852,3.5,77,Mexican
0.00830,0.86282,Modern Steak,33.5025941,-111.9296765,4.0,216,American
0.65964,0.52747,Yard House,33.678615,-111.9746066,3.5,128,Vegetarian
0.01199,0.87401,Daily Dose,33.4942423,-111.9264472,4.0,291,Nightlife
0.74465,0.52505,The Deli,33.2125748081,-111.675267535,4.5,110,etc
0.01174,0.83255,Hanny's,33.4492414,-112.072854,3.5,318,Nightlife
0.84750,0.46841,Rosita's Place,33.4657898,-112.0323598,4.0,83,Mexican
0.99503,0.32684,Thai Basil,33.484487,-112.07643,4.0,76,Asian
0.74228,0.21229,Fleming's Prime Steakhouse & Wine Bar,33.3184674,-111.9682552,4.0,67,Nightlife
0.48825,0.61284,Palatte,33.4549678,-112.0791022,4.0,69,Breakfast & Brunch
0.84291,0.54075,Yogurtland,33.5033716,-111.9256326,4.5,122,Asian
0.00071,0.90116,CherryBlossom Noodle Cafe,33.5093372,-112.0608177,4.0,309,Asian
0.98856,0.34836,Spinato's Pizza,33.6405893,-112.0474847,4.5,105,Italian
0.00014,0.92591,Switch Restaurant & Wine Bar,33.4770236,-112.073629,4.0,343,Nightlife
0.61924,0.51724,Arizona Mills,33.3852846,-111.964558,3.0,120,etc
0.81826,0.36617,America's Taco Shop,33.501936,-112.082092,4.0,128,Mexican
0.86062,0.48542,Black Chile Mexican Grill,33.5102068,-112.0272041,3.5,98,Mexican
0.68082,0.35875,Whole Foods Market,33.6547180971,-111.926296949,4.5,95,Asian
0.70414,0.51625,Seamus McCaffrey's,33.4504575,-112.0743441,3.5,127,Nightlife
0.38673,0.55102,Padre's Modern Mexican Cuisine,33.5093453,-112.0588374,4.0,140,Nightlife
0.32385,0.44907,Tee Pee Mexican Food,33.4951403,-111.991453,3.0,160,Mexican
0.62168,0.41049,Cheba Hut,33.422728,-111.951494,3.5,138,etc
0.80448,0.30122,Chodang,33.3117903,-111.8412173,4.0,109,etc
0.93263,0.23244,Thai Cafe,33.3056789,-111.902866,3.5,72,Asian
0.94787,0.40482,Boba Tea House,33.3365399,-111.8763382,4.0,95,Asian
0.53946,0.63186,Bombay Spice Grill & Wine,33.5839581,-111.9788671,3.5,131,Vegetarian
0.88677,0.58752,SaBai Modern Thai,33.479887,-111.992309,4.0,110,Asian
0.92804,0.18790,Black Bear Diner,33.3786853,-111.7925535,3.5,66,American
0.50343,0.75466,Pita Jungle,33.4587437,-112.0775732,4.0,131,Vegetarian
0.00072,0.75938,Lo-Lo's Chicken & Waffles,33.4787939,-111.9259092,4.0,357,etc
0.14220,0.77466,Cartel Coffee Lab,33.4214126083,-111.942980289,4.5,264,Asian
0.88899,0.36664,Flavors of India,33.503024,-112.047179,3.5,78,etc
0.45798,0.34511,Kincaid's,33.4477082,-112.070093,3.5,84,American
0.86538,0.46323,5 & Diner,33.5134849,-112.047693,3.5,79,etc
0.82472,0.28558,Cask 63,33.5672627,-111.9259052,4.5,49,Nightlife
0.80440,0.58592,JW Marriott Desert Ridge Resort & Spa, Phoenix,33.683479,-111.966112,4.0,99,etc
0.71253,0.39791,Joya Spa,33.5288312,-111.9730855,4.0,66,etc
0.86150,0.16727,BS West,33.497828,-111.927267,3.5,54,Nightlife
0.74208,0.36488,Dave's Electric Brewpub,33.4251549,-111.93526,3.0,52,Nightlife
0.11488,0.79681,America's Taco Shop,33.4710214,-112.0649272,3.5,271,Mexican
0.81064,0.34965,Barcelona Restaurants,33.6259241,-111.9242144,3.0,59,American
0.00001,0.94104,Postino Arcadia,33.502191,-111.996292,4.5,575,Nightlife
0.66993,0.65455,Fairmont Scottsdale Princess,33.6455682098,-111.91711843,4.0,102,Hotels & Travel
0.00001,0.94118,St Francis Restaurant,33.5092756,-112.0718179,4.0,461,American
0.79113,0.71162,Bungalow Bar & Grill,33.4997186,-111.9263271,3.5,118,Nightlife
0.55127,0.76172,Firesky Resort & Spa,33.5083781,-111.9258659,4.5,145,etc
0.50562,0.73622,JoBot Coffee,33.458341,-112.067833,4.0,137,Asian
0.36443,0.71762,Los Taquitos,33.348162,-111.9819,4.0,224,Mexican
0.00095,0.90078,The Vig Uptown,33.5242704,-112.0474619,4.0,220,American
0.72503,0.20762,Arizona State University,33.4207679,-111.9334531,3.5,50,etc
0.00381,0.82739,Orange Table,33.4925020001,-111.924118996,4.0,304,Breakfast & Brunch
0.18754,0.76473,Zinc Bistro,33.6240360151,-111.928024292,4.0,178,etc
0.22256,0.76662,D'lish,33.477178,-111.925799,4.5,255,Breakfast & Brunch
0.57594,0.35691,Mastro's Steakhouse,33.6987337,-111.8899216,4.5,82,American
0.59910,0.47258,Mamma Mia Subs & Brick Oven Pizza,33.4950535,-111.9958183,4.0,130,American
0.63966,0.63226,NCounter,33.4272811,-111.9400902,4.0,135,Breakfast & Brunch
0.67549,0.46889,Humble Pie,33.677854,-111.978579,4.0,100,Italian
0.99241,0.27782,Zoes Kitchen,33.508756,-112.045816,3.0,81,Italian
0.88144,0.37925,Otaku,33.2711537,-111.7898246,3.5,60,Asian
0.03801,0.93466,Carly's Bistro,33.4587919,-112.0715044,3.5,203,Arts & Entertainment
0.63026,0.72690,Yupha's Thai Kitchen,33.3478272,-111.9102573,4.0,165,Asian
0.45592,0.72232,Cien Agaves Tacos & Tequila,33.4942939,-111.925316,3.5,175,Mexican
0.80476,0.33188,LA Fitness,33.5090619,-112.035918,2.5,65,Arts & Entertainment
0.99072,0.28069,The Habit Burger Grill,33.3637683,-111.9103938,3.5,82,American
0.41964,0.47627,Bikini Lounge,33.4590669,-112.0915007,4.0,124,etc
0.02834,0.76877,Pane Bianco,33.5006532,-112.0739689,4.5,278,Italian
0.26421,0.59951,Tandoori Times Indian Bistro,33.5555237,-111.8987034,3.5,115,etc
0.68038,0.63684,Copper Blues,33.4471783,-112.0744503,3.5,121,Arts & Entertainment
0.37930,0.78052,Sierra Bonita Grill,33.538748,-112.064759,4.0,139,American
0.89997,0.41420,Drift Lounge,33.4999005,-111.9199715,3.5,59,Nightlife
0.59241,0.84489,Humble Pie,33.5266038,-111.924627,3.5,124,Italian
0.77280,0.71694,Echo Coffee,33.4803679,-111.9347763,4.0,139,Asian
0.51030,0.33474,Firebirds Wood Fired Grill,33.3045866,-111.9006511,4.0,98,American
0.87891,0.21887,Nordstrom,33.5021456,-111.9295381,4.0,54,etc
0.50874,0.51898,Marcellino Ristorante,33.498915,-111.928258,4.0,102,American
0.95572,0.42881,Middle Eastern Bakery & Deli,33.4837225,-112.0476668,4.5,93,Breakfast & Brunch
0.83377,0.58888,Urban Beans,33.511525,-112.055538,4.0,99,etc
0.33686,0.84657,Hiro Sushi,33.5705669,-111.886606,4.5,185,Asian
0.19111,0.75469,Four Peaks Brewery,33.6272265,-111.8956412,4.0,181,Asian
0.55392,0.91645,Lola Coffee,33.5062078,-112.0739142,4.0,147,Asian
0.02044,0.77015,La Grande Orange Grocery,33.5024095,-111.9955012,4.0,421,Asian
0.94482,0.74844,Tandoori Times 2 Indian Bistro,33.6390345,-112.1798866,4.0,75,etc
0.32035,0.73396,Nourish,33.5061904386,-111.926436424,3.5,112,American
0.32450,0.37670,Narcisse Champagne and Tea Lounge,33.6071829,-111.9403254,3.5,101,etc
0.00000,0.90581,FEZ,33.491645,-112.073196,4.0,652,Nightlife
0.48092,0.65963,Sonora Mesquite Grill,33.480203,-111.9825532,4.5,163,Mexican
0.09421,0.69687,Papago Brewing,33.4655863,-111.9279622,4.0,236,Asian
0.39376,0.61500,Saddle Ranch Chop House,33.4990986,-111.9259123,3.5,147,Nightlife
0.76766,0.46085,South Mountain Park,33.34697,-112.0846008,4.5,98,Arts & Entertainment
0.92557,0.14657,Satisfied Frog On Bell,33.6403226,-112.0210482,4.0,64,American
0.14696,0.66573,Brio Tuscan Grille,33.6071829,-111.9403254,3.5,166,American
0.80385,0.49139,Circle H Barbecue,33.509755,-112.08407,4.0,68,American
0.74461,0.49928,Piestewa Peak,33.5372103,-112.0264399,4.5,81,Arts & Entertainment
0.35443,0.32144,Marquee Theatre,33.4368906,-111.94373,2.5,124,Arts & Entertainment
0.45257,0.49601,U.S. Egg,33.4860023,-111.9264164,4.0,162,American
0.97642,0.38302,CK's Tavern & Grill,33.305759,-111.993252,4.0,85,American
0.03509,0.67654,PastaBAR,33.455863,-112.072167,3.5,113,American
0.97365,0.24743,Culver's,33.38003,-111.839625,4.0,65,American
0.55184,0.46367,deseo,33.6071829,-111.9403254,4.5,82,etc
0.39532,0.54095,Mucho Gusto Taqueria Mexican Bistro,33.4217383,-111.9476151,3.5,108,Mexican
0.07543,0.46560,BLD,33.2762703,-111.8753205,3.5,148,American
0.22615,0.65061,TEXAZ Grill,33.523984,-112.04698,3.5,165,American
0.19994,0.45811,Carolina's Mexican Food,33.4315119,-112.0561119,4.0,259,Mexican
0.61067,0.75351,Mabel's On Main,33.493181,-111.9297091,4.0,124,Nightlife
0.89304,0.59402,The Farmhouse Restaurant,33.3545993,-111.7898391,4.0,122,Breakfast & Brunch
0.03490,0.87146,Fogo de Chao,33.5299053,-111.926437,4.0,222,American
0.49538,0.48609,China Chili,33.48585,-112.0691813,3.5,145,Asian
0.83901,0.35988,Mojo Yogurt,33.427081,-111.9400878,4.0,71,Asian
0.81012,0.35254,Sucker Punch Sally's Diner,33.4219963,-111.9398864,3.0,49,Asian
0.77454,0.30700,Steve's Greenhouse Grill,33.4493238,-112.0718824,3.0,79,American
0.52802,0.46643,Duck & Decanter,33.5092185,-112.0467405,4.0,108,Nightlife
0.00057,0.89166,The White Chocolate Grill,33.6556844,-111.9300279,4.0,269,American
0.61000,0.56544,Thai Elephant,33.4493145,-112.0740474,3.5,109,Asian
0.69860,0.23368,Southwest Airlines,33.4360201,-112.0270114,4.0,56,Hotels & Travel
0.97567,0.31326,Grimaldi's Pizzeria,33.6235377,-111.925553,3.5,64,Italian
0.37924,0.56171,The Chuck Box,33.4219869,-111.9366872,4.0,213,American
0.92241,0.32290,BJ's Restaurant & Brewhouse,33.3056593,-111.8976622,4.0,102,Asian
0.85607,0.29836,Wildflower Bread Company,33.4949618,-111.9897424,4.0,81,Breakfast & Brunch
0.02386,0.71192,Chino Bandido,33.626933,-112.100731,4.0,431,Asian
0.53074,0.57452,Postino East,33.3549553,-111.7897347,4.0,121,Nightlife
0.99426,0.53234,Phoenicia Cafe,33.4235479,-111.936853,4.0,80,Italian
0.00005,0.96268,Culinary Dropout,33.5019817,-111.9276185,3.5,412,Nightlife
0.34786,0.55998,The Phoenician,33.493947,-111.922301,4.0,160,Hotels & Travel
0.80680,0.50612,Westgate City Center,33.5324849,-112.2603562,3.0,54,etc
0.61909,0.29773,Cyclo Vietnamese Cuisine,33.306501,-111.875221,3.5,104,Asian
0.76512,0.36430,Two Hippies Breakfast Joint,33.498858,-112.0835024,3.0,56,Breakfast & Brunch
0.28509,0.51546,Ted's Hot Dogs,33.4071625343,-111.909648747,4.0,239,etc
0.96853,0.09199,Arriba Mexican Grill,33.304703,-111.981558,3.0,81,Mexican
0.57658,0.68158,Rocket Burger & Subs,33.595881,-112.134443,4.5,157,American
0.23320,0.72539,Hotel Valley Ho,33.4930514,-111.9339561,4.0,199,Hotels & Travel
0.64425,0.84833,unPhogettable,33.413158,-111.875779,4.0,202,Asian
0.01590,0.66746,Scratch Pastries & Bistro,33.4957558,-111.9159147,4.0,168,Breakfast & Brunch
0.80157,0.48915,Pho Avina,33.6116901,-112.1648254,4.0,102,Asian
0.00720,0.85119,Durant's,33.4772147,-112.0736348,4.0,281,American
0.10706,0.83137,Geisha A Go Go,33.499006,-111.926703,3.5,233,Nightlife
0.00259,0.72938,FnB,33.497828,-111.927267,4.5,203,etc
0.00006,0.96003,Hula's Modern Tiki,33.5062078,-112.0739142,4.0,444,American
0.76329,0.41389,Z'Tejas Southwestern Grill,33.5025941,-111.9296765,3.5,95,etc
0.74584,0.33730,Fry's Electronics,33.609619,-112.123848,3.0,58,etc
0.93684,0.30503,Mind Over Batter,33.3478272,-111.9102573,3.5,66,Asian
0.09877,0.65740,Defalco's Italian Grocery,33.4740662,-111.9270986,4.5,270,etc
0.87174,0.38248,Via Delosantos,33.5693997,-112.0740526,3.5,100,Mexican
0.88815,0.39569,Down Under Wines & Bistro,33.3358523,-111.8205495,3.5,71,Nightlife
0.91096,0.30366,Flo's Asian Kitchen,33.6363383,-111.9213957,3.5,106,Asian
0.07513,0.89285,The Roosevelt,33.4571599,-112.0699779,4.0,224,Nightlife
0.00087,0.91381,Sens Asian Tapas & Sake Bar,33.455863,-112.072167,4.0,251,Asian
0.77446,0.22744,Arrivederci,33.610963,-111.927561,4.0,55,Asian
0.11853,0.63432,True Food Kitchen,33.6239149,-111.9255304,4.0,221,American
0.92586,0.57502,Asi Es La Vida,33.489522,-112.030564,4.0,62,Mexican
0.25554,0.67799,Yard House,33.5025941,-111.9296765,3.5,157,Vegetarian
0.06378,0.67024,Sprinkles Cupcakes,33.5024987,-111.9258947,3.5,362,Asian
0.33041,0.86267,Sushi Roku,33.5022311,-111.924255,3.5,139,Asian
0.04816,0.72959,Arcadia Farms Cafe,33.494247,-111.92975,4.0,180,Nightlife
0.98876,0.17871,Blue Agave Mexican Cantina,33.6556844,-111.9300279,3.0,72,Mexican
0.53877,0.44820,American Junkie,33.500169,-111.919817,3.0,107,Nightlife
0.00011,0.91762,Ticoz Resto-Bar,33.5116737,-112.0653185,4.0,298,etc
0.96191,0.32111,Five Guys Burgers and Fries,33.6265775,-111.9254565,3.5,69,American
0.71451,0.36949,Scottsdale Resort & Conference Center,33.548745,-111.9156915,3.0,61,etc
0.29706,0.55225,Pomegranate Cafe,33.3051122,-111.99506,4.0,141,Asian
0.86369,0.24715,Chart House,33.5515531,-111.9239788,3.0,55,American
0.99992,0.38607,Narai Thai + Sushi,33.6272238,-111.8956455,4.0,60,Asian
0.77193,0.18029,Apple Store,33.6239133,-111.9251335,3.5,66,etc
0.98984,0.22153,The Hero Factory,33.449553,-112.075503,4.0,53,etc
0.58688,0.41848,Bar Smith,33.448587,-112.071756,3.5,90,Nightlife
0.76930,0.60623,MercBar,33.508704,-112.028081,4.0,93,Nightlife
0.60184,0.50949,Loving Hut,33.653685,-112.135621,4.0,79,Asian
0.23597,0.50345,North Fattoria Italiana,33.5087368,-111.9953195,4.0,103,American
0.92180,0.36629,Lee Lee Oriental Market,33.594892,-112.222145,4.5,84,Asian
0.88358,0.23320,Fairytale Brownies,33.403689,-111.981986,4.0,59,Asian
0.65507,0.56822,Upper Crust Pizza Patio Lounge & Wine Bar,33.6710684743,-112.030189633,4.0,119,Nightlife
0.04070,0.75270,Pita Jungle,33.4150348,-111.9184724,4.0,263,Vegetarian
0.09513,0.75101,Mastro's Ocean Club,33.6241241,-111.9307637,4.0,184,American
0.32531,0.46504,Da Vng,33.5030185,-112.0999,4.0,170,Asian
0.95393,0.24340,NYPD Pizza,33.507557,-112.040116,4.0,80,Italian
0.53935,0.48797,Compass Arizona Grill,33.449858,-112.071886,3.5,78,American
0.92109,0.51819,Z's Greek,33.4953688,-111.9940154,4.5,132,Italian
0.82223,0.54308,Sushi Ken,33.3058378,-111.9927062,4.0,112,Asian
0.01827,0.63908,Joe's Real BBQ,33.3550442,-111.7895308,4.0,353,American
0.00012,0.81926,NOCA,33.5100097,-112.0152845,4.0,269,American
0.65038,0.17440,Bikram's Yoga College of India Central Phoenix,33.5102803,-112.0720329,4.0,39,Arts & Entertainment
0.67063,0.56116,World Of Beer,33.424522,-111.940409,3.0,66,Nightlife
0.46271,0.65728,W Scottsdale,33.5020654,-111.9242599,3.5,122,Hotels & Travel
0.64099,0.35677,Salt River Tubing and Recreation,33.573816,-111.537675,3.5,71,Arts & Entertainment
0.94898,0.32129,Hong Kong Gourmet Buffet,33.304138,-111.978392,4.0,61,etc
0.82044,0.36350,RA Sushi Bar Restaurant,33.6230152,-111.9297079,3.5,101,Asian
0.87976,0.44949,Harkins Cine Capri at Tempe Marketplace,33.4329724,-111.9043028,4.0,90,Arts & Entertainment
0.14739,0.86948,Canteen Modern Tequila Bar,33.4240504,-111.9400717,3.5,181,Nightlife
0.96371,0.26552,Pei Wei Asian Diner,33.466112,-112.082949,3.0,68,Asian
0.65276,0.39906,Taylor's Cafe,33.5108208,-111.9862703,3.5,77,Breakfast & Brunch
0.70322,0.59722,Timo Wine Bar,33.5650982,-112.0737503,4.5,83,American
0.00401,0.88397,Cheuvront,33.463308,-112.074519,3.5,183,Nightlife
0.88678,0.23957,BJ's Restaurant & Brewhouse,33.5517332,-112.2692793,3.0,63,Asian
0.70822,0.48252,Thai Elephant,33.421453,-111.950563,4.0,118,Asian
0.62462,0.35376,Radio Cafe,33.502702,-111.9959466,4.0,67,etc
0.93084,0.35426,Ling & Louie's Asian Bar and Grill,33.581511,-111.879218,3.5,77,Asian
0.82864,0.31433,Yogurtology,33.5092556,-112.0378823,4.5,76,Asian
0.98441,0.24222,Tasty Kabob,33.4150348,-111.9184724,4.0,58,etc
0.00018,0.75342,House of Tricks,33.423546,-111.937394,4.0,269,American
0.89938,0.34649,Roma Garden Ristorante,33.6117382,-111.9969697,4.5,71,American
0.38550,0.63763,Fleming's Prime Steakhouse & Wine Bar,33.5302696775,-111.926350594,4.5,110,Nightlife
0.89946,0.44133,Texas BBQ House,33.3999435,-112.0297841,4.5,68,American
0.85929,0.40626,Phoenix Public Market,33.4563262,-112.0737079,4.0,60,Asian
0.96418,0.18970,Vincent's,33.3193788,-111.9778751,3.5,60,Italian
0.86238,0.13790,Miracle Mile Delicatessen,33.507557,-112.040116,3.5,70,etc
0.00434,0.81810,Cornish Pasty Company,33.422728,-111.951494,4.5,580,Nightlife
0.72296,0.32240,Wild Horse Pass Hotel and Casino,33.2815660319,-111.972956657,3.5,72,Arts & Entertainment
0.23852,0.55456,Bourbon Steak,33.6459785,-111.9170571,4.0,100,American
0.21756,0.54798,Seasons 52,33.5102068,-112.0272041,4.0,145,American
0.39668,0.45877,Fate 905,33.4577071,-112.0686108,3.0,91,Asian
0.91107,0.41711,McCormick-Stillman Railroad Park,33.538154,-111.924569,4.5,82,Arts & Entertainment
0.83247,0.42693,Sol Y Sombra,33.519588,-111.909524,4.0,43,Nightlife
0.32280,0.58272,IKEA,33.3406452,-111.9701824,4.0,175,etc
0.96675,0.36225,The Strand,33.4471735,-112.073781,4.0,67,American
0.99129,0.25102,Viet Kitchen,33.6698624,-112.030859,3.5,70,Asian
0.38915,0.48540,Oregano's Pizza Bistro,33.581877,-111.925123,4.0,163,Italian
0.79103,0.42213,Bison Witches Bar & Deli,33.4238102,-111.9381604,3.5,98,Nightlife
0.42129,0.34123,Michael Dominick's Lincoln Avenue Prime Steakhouse,33.6239133,-111.9251335,3.5,73,etc
0.01084,0.93603,Yasu Sushi Bistro,33.5997262,-111.9872563,4.0,192,Asian
0.69136,0.68303,Grimaldi's Coal Brick-Oven Pizza,33.3086797,-111.7435862,4.0,111,Italian
0.98531,0.35091,The Street,33.394432,-111.875578,4.5,85,Asian
0.99847,0.32567,Sunflower Market,33.393113,-111.9111046,4.0,59,Asian
0.00002,0.92142,The Parlor,33.5094461,-112.0403946,4.0,489,Italian
0.70475,0.74923,The Westin Kierland Resort & Spa,33.6247596,-111.9329381,4.0,92,Hotels & Travel
0.55652,0.32410,Taliesin West,33.6066519023,-111.842981062,4.5,96,etc
0.95548,0.32349,Comedor Guadalajara,33.4292429,-112.0737828,4.0,87,Mexican
0.61616,0.56842,Royal Palms Resort and Spa,33.5044082,-111.9691642,4.5,89,etc
0.32008,0.95462,Butterfield's Pancake House,33.5822084,-111.9216835,4.0,187,Breakfast & Brunch
0.61424,0.57486,China Magic Noodle House,33.3354566,-111.876337,4.0,148,Asian
0.63505,0.69947,Hob Nobs Cafe & Spirits,33.465462,-112.078017,3.5,93,Asian
0.76076,0.21887,Elephant Bar Restaurant,33.3053089,-111.9007734,3.0,92,Nightlife
0.67587,0.68670,Hyatt Regency Scottsdale Resort & Spa at Gainey Ranch,33.5670375,-111.9184649,4.5,135,Hotels & Travel
0.75232,0.18778,Buca di Beppo,33.632441,-112.236796,3.0,42,American
0.00964,0.92576,Grimaldi's Pizzeria,33.4938414,-111.9268138,4.0,287,Italian
0.04191,0.75101,Posh Improvisational Cuisine,33.506941,-111.926536,4.0,144,etc
0.92820,0.31428,Jade Bar,33.5222185,-111.9595033,4.0,61,Nightlife
0.87675,0.33276,Four Seasons Resort Scottsdale at Troon North,33.732153,-111.8537306,4.0,53,Hotels & Travel
0.83804,0.17168,Mimita's Cuban Cafe,33.334619,-111.84268,3.5,77,etc
0.80713,0.36244,Biltmore Fashion Park,33.5102068,-112.0272041,4.0,74,etc
0.32254,0.79622,Old Town Tortilla Factory Scottsdale,33.4931793,-111.9320931,3.0,138,Nightlife
0.73852,0.53902,Tea Infusion,33.4326053092,-111.904946566,3.5,79,Asian
0.96415,0.40987,Pink Spot,33.47999,-112.076505,4.0,84,Asian
0.98288,0.32797,Cave Creek Coffee Company,33.8332781,-111.9513452,4.0,58,Asian
0.28061,0.71819,Phoenix City Grille,33.5229858,-112.0476585,4.0,134,American
0.63332,0.59303,Wandering Horse Buffet,33.5409028387,-111.869723797,4.0,114,Asian
0.11344,0.64022,Pita Jungle,33.4952769,-111.9884173,4.0,197,Vegetarian
0.52628,0.67799,T.C. Eggington's,33.384398,-111.858873,4.0,130,Breakfast & Brunch
0.00008,0.90045,Gallo Blanco Cafe,33.49112,-112.079081,4.0,549,Mexican
0.30473,0.69722,The Duce,33.4423345,-112.0736563,3.5,118,Nightlife
0.95991,0.35017,Siam Thai Cusine,33.534184,-112.174034,4.5,82,Asian
0.96865,0.44824,Pholicious,33.5958042,-112.2226374,3.5,57,Asian
0.99949,0.25436,La's Thai Cuisine,33.464349,-111.908369,4.0,54,Asian
0.66649,0.37007,Claim Jumper,33.378926,-111.964813,3.5,83,American
0.11432,0.67259,Cafe ZuZu,33.492914,-111.933566,4.0,130,Nightlife
0.43319,0.38161,Tarbell's,33.5097999,-112.0122745,4.5,107,American
0.28565,0.42519,US Airways,33.4360415,-111.9956337,2.0,197,Hotels & Travel
0.03536,0.73934,Frank & Lupe's Old Mexico,33.495263,-111.928554,3.0,193,Mexican
0.69408,0.41263,Los Dos Molinos,33.409735,-111.857263,4.0,143,Nightlife
0.26134,0.54770,Harlow's Cafe,33.4218047,-111.9533039,4.0,184,American
0.00370,0.82042,Four Peaks Brewing Co,33.4194512,-111.915926,4.5,735,Nightlife
0.98273,0.31897,Wildflower Bread Company,33.6674187,-112.1203279,4.0,54,Breakfast & Brunch
0.24360,0.56724,Pho Thanh,33.5097112,-112.0962274,4.0,184,Asian
0.92706,0.39052,Dukes Sports Bar & Grill,33.4661258,-111.9175385,3.0,72,Nightlife
0.42721,0.57761,RA Sushi Bar Restaurant,33.4261603,-111.939838,2.5,145,Nightlife
0.99305,0.05384,Elmer's Tacos,33.3090064,-111.8411708,4.0,86,Mexican
0.80074,0.67750,32 SHEA,33.5832073,-112.0131291,4.5,120,etc
0.96637,0.33521,Z'Tejas Southwestern Grill,33.5834449,-111.9770187,4.0,85,etc
0.83598,0.48765,Sauce,33.5019817,-111.9276185,3.5,98,Italian
0.92350,0.39968,Verde,33.457457,-112.072164,4.0,55,Mexican
0.03134,0.74348,My Florist Cafe,33.466104,-112.081655,3.0,140,etc
0.70975,0.43809,Children's Museum Of Phoenix,33.4503996,-112.0648845,4.5,101,etc
0.92595,0.44169,Nami,33.469968,-112.065431,4.5,83,Asian
0.01111,0.62768,Christopher's Restaurant/Crush Lounge,33.5102068,-112.0272041,3.5,127,Nightlife
0.15084,0.50341,AMC Esplanade 14,33.508118,-112.027582,4.0,167,Arts & Entertainment
0.80412,0.43696,Sanctuary Resort On Camelback Mountain,33.5222185,-111.9595033,4.5,80,Hotels & Travel
0.58554,0.43019,Maui Dog,33.4951793,-112.0050934,4.5,103,etc
0.90356,0.22990,Buffalo Exchange,33.5164842,-112.0632767,3.0,49,etc
0.00006,0.95727,Olive & Ivy,33.5019817,-111.9276185,4.0,358,American
0.99776,0.21690,Los Compadres Mexican Food,33.5008018,-112.0824532,4.0,77,Mexican
0.80966,0.41453,Mariscos Playa Hermosa,33.4576266,-112.0474748,4.5,84,American
0.47801,0.61686,Crescent Ballroom,33.4517161,-112.0764371,4.5,145,Arts & Entertainment
0.09584,0.69880,Lon's At the Hermosa,33.5183691,-112.0047498,4.0,125,American
0.41796,0.62238,The Fry Bread House,33.4964751,-112.0839659,4.0,179,American
0.99011,0.17482,Thai Basil,33.4164522,-111.9261561,4.0,55,Asian
0.44654,0.74849,The Lodge,33.5009333,-111.9202691,4.0,131,Nightlife
0.06787,0.79804,Sapporo,33.616418,-111.92631,3.5,235,American
0.21979,0.67521,Mi Patio Mexican Restaurant,33.4874748,-112.0830342,4.0,189,Mexican
0.94677,0.25089,RA Sushi Bar Restaurant,33.3197625,-111.9780071,3.0,94,Asian
0.73891,0.39008,Szechwan Palace,33.4552907,-111.9878697,3.5,81,Asian
0.84416,0.24053,Pollack Tempe Cinemas,33.3490394,-111.9100097,4.0,66,Arts & Entertainment
0.59362,0.27898,Pita Jungle,33.6396834,-112.219969,4.0,108,Vegetarian
0.45542,0.60495,El Chorro,33.532125,-111.96086,4.0,94,American
0.34054,0.39276,Province Restaurant,33.4516715,-112.0733143,3.5,87,American
0.92112,0.35138,A Taste of the Caribbean,33.3779782868,-111.936617212,4.0,60,etc
0.88700,0.42467,Culver's,33.5092039,-112.0629224,3.5,75,American
0.06377,0.81796,Local Breeze,33.4549678,-112.0791022,4.0,158,American
0.84048,0.48719,Crackers & Co Cafe,33.347591,-111.95738,4.0,110,Breakfast & Brunch
0.00266,0.79046,The Breadfruit,33.4556584,-112.0719926,3.5,199,Nightlife
0.50212,0.59173,Angels Trumpet Ale House,33.4570868,-112.0714138,3.5,100,Nightlife
0.46400,0.63734,Spotted Donkey Cantina,33.5560781,-111.8987064,3.5,113,Nightlife
0.60542,0.56805,Primebar,33.6236715,-111.9251782,3.0,87,Nightlife
0.36387,0.53560,Arizona Biltmore Resort & Spa,33.5160662,-112.029562,4.0,138,etc
0.50899,0.36557,Melting Pot,33.3156591,-112.0048589,3.5,88,etc
0.94199,0.15532,Pink Pepper Thai Cusine,33.362719,-111.8761389,3.5,57,Asian
0.26320,0.49652,Chase Field,33.444799,-112.066662,4.0,217,Arts & Entertainment
0.93606,0.43479,25 Degrees,33.6753442,-111.9633667,3.5,59,American
0.99803,0.71808,Eden's Grill Inn,33.6128816,-111.9778065,4.5,81,Italian
0.85432,0.33951,Feeney's Restaurant and Bar,33.530141,-112.0563984,4.0,64,Nightlife
0.74243,0.34287,The Big Bang,33.4253394,-111.9398532,3.5,122,etc
0.07742,0.80002,Wildfish Seafood Grille,33.5020036166,-111.928035021,4.0,194,American
0.70097,0.18838,Arizona Humane Society,33.3631506,-112.0919692,4.5,34,etc
0.00000,0.96134,Chelsea's Kitchen,33.5123186,-111.995355,4.0,453,Breakfast & Brunch
0.79058,0.51545,Chakra 4 Vegetarian Restaurant,33.5065554,-112.0388616,4.0,79,etc
0.93271,0.43875,Five Guys Burgers and Fries,33.6401855,-112.0675947,3.5,94,American
0.39712,0.61287,Aunt Chilada's,33.545329,-112.043169,3.5,155,Mexican
0.99831,0.20874,Andrew's BBQ,33.3637662,-111.9304053,4.0,63,American
0.78670,0.32554,Paisley Violin,33.4549264,-112.086757,3.5,63,Italian
0.42456,0.48546,Chompie's Restaurant & Bakery,33.5822419729,-111.882346098,3.0,132,Asian
0.63111,0.50849,Urban Cookies,33.5061711,-112.0647931,4.5,124,Asian
0.00098,0.76300,Hillstone,33.510026,-112.024174,4.0,210,American
0.37038,0.45555,Maggiano's Little Italy,33.63606,-111.924248,3.5,123,American
0.85254,0.35437,Mido Sushi,33.3202037859,-111.944693922,4.0,90,Asian
0.72302,0.40547,The Oink Cafe,33.5997853,-111.9869486,3.5,74,Breakfast & Brunch
0.74495,0.45508,zpizza,33.479992,-112.076718,3.5,108,etc
0.87082,0.35658,Miele's Italian Bistro,33.3637746,-111.9095295,4.0,78,American
0.98267,0.30671,Press Coffee Roasters,33.6235377,-111.925553,4.5,71,Asian
0.19740,0.86813,O.H.S.O. Eatery + nanoBrewery,33.495018,-111.975898,4.0,153,Asian
0.79970,0.01933,Tutti Santi by Nina,33.546608,-112.047023,4.0,54,American
0.99426,0.34342,Swaddee Thai Cuisine,33.3197988,-111.929773,4.0,77,Asian
0.91039,0.42960,Aunt Chilada's Tempe,33.3777355,-111.9709188,2.5,79,Mexican
0.65586,0.30747,Vincent's On Camelback,33.5100523,-111.9963126,3.5,69,etc
0.40528,0.45747,Sushi Brokers,33.64053,-111.92477,3.5,161,Asian
0.67138,0.33292,In-N-Out Burger,33.4352894,-111.9248982,4.0,137,American
0.80922,0.38609,Z'Tejas Southwestern Grill,33.4245625,-111.9409053,3.5,108,etc
0.93178,0.20080,Nee House Chinese Resturant,33.6128816,-111.9778065,3.5,75,Asian
0.66898,0.56826,Coach House,33.4946362,-111.9299092,4.0,114,etc
0.82808,0.25922,Arriba Mexican Grill,33.625484,-111.891628,2.5,64,Mexican
0.78168,0.94602,Lola,33.5095175,-112.0638736,3.5,69,Asian
0.76215,0.25353,AJ's Purveyor of Fine Foods,33.509562,-112.0736825,4.0,62,Asian
0.90257,0.27235,Flores Air Conditioning and Heating,33.5636878,-112.0595603,4.5,55,etc
0.86257,0.27247,Willow Stream Spa at the Fairmont,33.6456173333,-111.91711843,4.5,43,etc
0.96749,0.30089,British Open English Pub & Grill,33.4633922818,-111.927003054,3.5,57,Nightlife
0.18213,0.79763,Bandera,33.492381,-111.9259469,4.0,188,American
0.29139,0.51337,Giuseppe's on 28th,33.496175,-112.020561,3.5,141,American
0.17086,0.68792,Hillside Spot,33.331655,-111.982113,3.5,150,American
0.95908,0.39106,Yogurtland,33.4342595,-111.9252882,4.5,89,Asian
0.89540,0.14104,Matador Restaurant,33.4492272,-112.0722653,3.0,59,Italian
0.00676,0.86462,Roaring Fork,33.508695278,-111.927080154,4.0,293,American
0.40361,0.54414,Queen Creek Olive Mill,33.2207848076,-111.583271151,4.0,149,etc
0.64022,0.46180,Bertha's Caf,33.4952045,-112.0142961,4.5,135,Breakfast & Brunch
0.83638,0.47965,The Saguaro,33.4940321,-111.9218306,4.0,48,American
0.38804,0.56332,Stacy's Smokehouse,33.4948853,-112.0455993,3.5,124,American
0.47753,0.53845,RigaTony's,33.3359104,-111.9080449,4.0,129,American
0.98738,0.38892,Camelback Ranch,33.5132266,-112.2948244,4.0,66,Arts & Entertainment
0.75482,0.30402,Corleone's,33.4261603,-111.939838,3.0,79,etc
0.93430,0.23406,Blue 32 Sports Grill,33.542167,-111.925061,3.5,67,Nightlife
0.63544,0.49164,King's Fish House,33.4327837,-111.9062854,3.5,85,American
0.43578,0.53946,El Encanto,33.8321973,-111.9453694,3.5,145,Mexican
0.86535,0.11232,Fleming's Prime Steakhouse & Wine Bar,33.5515097,-112.2691041,4.5,54,Nightlife
0.71386,0.33602,Smeeks,33.5102068,-112.0272041,4.0,95,Asian
0.68216,0.39879,Oregano's Pizza Bistro,33.3559111,-111.7898601,4.0,108,Italian
0.90988,0.47329,Taberna Mexicana,33.5394273,-111.9245481,4.0,51,Mexican
0.00113,0.89640,5th and Wine,33.497568,-111.929223,4.0,246,Nightlife
0.86982,0.56177,Royal Taj,33.406846,-111.907542,4.0,79,etc
0.94777,0.71866,Flavors Of Louisiana,33.461736,-112.335666,4.0,92,etc
0.50879,0.78560,Tottie's Asian Fusion,33.4799784,-111.9107414,4.0,130,Asian
0.59825,0.46253,Benihana,33.3057308,-111.8960397,3.5,100,etc
0.12458,0.62518,Mellow Mushroom,33.42263,-111.940813,3.0,156,Italian
0.76407,0.29098,Bookmans Entertainment Exchange,33.5542912,-112.0999796,4.0,81,etc
0.89511,0.22294,The Good Egg,33.5266038,-111.924627,3.5,69,Breakfast & Brunch
0.57034,0.52157,Chicago Hamburger Co,33.495084,-111.999963,4.0,153,American
0.94405,0.52679,Mama Java's Coffee House,33.4950814,-112.0032205,4.0,79,Asian
0.12085,0.88683,Moira Sushi,33.4564268,-112.0704276,3.5,156,Asian
0.44505,0.85241,Thai Hut,33.4657394,-112.0724302,3.5,126,Asian
0.00014,0.88019,Roka Akor,33.542193,-111.925634,4.0,315,American
0.72878,0.43667,Lee Lee Oriental Supermarket,33.337009,-111.875775,4.5,136,Asian
0.47179,0.39053,Different Pointe of View,33.594818,-112.065439,4.0,93,Italian
0.85060,0.58342,Grimaldi's Pizzeria,33.5515304,-112.2707018,3.5,89,Italian
0.79584,0.46751,Tea Lite Cafe,33.6556844,-111.9300279,4.0,120,Asian
0.73841,0.17037,Valley Metro,33.451661,-112.075516,2.5,29,Hotels & Travel
0.00030,0.92128,Windsor,33.5136971882,-112.073411923,4.0,326,American
0.62219,0.66540,The Living Room,33.2614572,-111.8830248,3.5,124,American
0.53757,0.28862,Chompie's Restaurant & Bakery,33.6029318153,-111.981189678,3.5,115,Asian
0.83463,0.58242,Yucca Tap Room,33.392617,-111.940498,4.0,83,Arts & Entertainment
0.46758,0.84646,Sakana Sushi & Grill,33.5381018,-111.9085143,4.0,141,Asian
0.93502,0.23301,Pie Zanos Kitchen,33.639544,-112.168382,3.5,60,Italian
0.80400,0.38245,Uncle Sal's Italian Restaurant,33.4862787,-111.9102055,4.0,80,American
0.73928,0.07148,Tutti Santi By Nina,33.624662,-111.943525,4.0,76,American
0.85274,0.32057,Original Wineburger,33.5252672,-112.0995348,3.5,64,American
0.36591,0.57557,Corbin's Bar and Grill,33.563845,-112.073533,4.0,108,Asian
0.90011,0.35242,Secreto,33.305824,-111.991311,3.5,80,Mexican
0.98829,0.29503,Pho Van,33.3370939,-111.8760633,4.0,102,Asian
0.78481,0.66157,Baby Kay's Cajun Kitchen,33.5092898,-112.0364736,3.5,121,etc
0.42617,0.62985,Tacos Atoyac,33.5386441,-112.0986063,4.5,182,Mexican
0.95064,0.43093,Dragon Palace,33.6123075,-112.0124654,4.0,55,Asian
0.16839,0.53270,Binkley's,33.8303701,-111.9317707,4.5,109,American
0.88812,0.28149,The Keg Steakhouse & Bar,33.3073251264,-111.741711697,3.5,68,American
0.01269,0.72815,Indulge Burgers & More,33.5808348,-111.9268582,4.0,218,American
0.33597,0.78067,Coronado Cafe,33.4712477,-112.0650649,4.0,128,American
0.40339,0.57115,The Old Spaghetti Factory,33.4642695,-112.0741442,3.0,126,American
0.83880,0.14005,Hard Rock Cafe,33.4468850573,-112.071075886,2.5,60,American
0.67658,0.58364,Tott's Asian Diner,33.321266,-111.911648,4.0,153,Asian
0.17722,0.92862,Bomberos Cafe & Wine Bar,33.5650982,-112.0737503,4.0,135,Nightlife
0.80203,0.48605,Jobing.com Arena,33.531484,-112.26167,4.0,73,Arts & Entertainment
0.68920,0.56935,Smashburger,33.507713,-112.040047,3.5,138,American
0.30959,0.58113,Renegade Tap & Kitchen,33.5814339,-111.8795353,4.0,94,American
0.04378,0.72486,Elements,33.5222185,-111.9595033,4.0,169,American
0.84378,0.37821,Frasher's Steak House & Lounge,33.4716326,-111.9263131,4.0,78,American
0.76347,0.32516,La Stalla Cucina Rustica,33.3046998,-111.8423994,4.0,70,American
0.72879,0.19291,The Melting Pot,33.5559206,-111.8989972,3.5,73,etc
0.98435,0.06362,Someburros,33.377697734,-111.938885567,3.5,90,Mexican
0.60176,0.22926,Prado,33.5388471,-111.9641728,3.5,61,American
0.94680,0.23587,Cheese 'n Stuff,33.5102512,-112.0739972,4.5,58,etc
0.75145,0.69273,Khai Hoan Restaurant,33.4146742,-111.913402,4.0,143,Asian
0.82372,0.57791,Indian Delhi Palace,33.4657562,-111.9718284,3.5,98,etc
0.69077,0.05695,Richardson's Cuisine of New Mexico,33.530341,-112.047095,3.5,62,etc
0.07666,0.68402,Chompie's Restaurant & Bakery,33.4222653,-111.9199824,3.5,221,Asian
0.52903,0.46156,Blue Martini,33.6753306,-111.9633729,3.5,107,Nightlife
0.89868,0.54646,Renaissance Phoenix,33.4495944,-112.0732071,3.0,50,Hotels & Travel
0.80716,0.36062,Green New American Vegetarian,33.4702022,-112.0653186,4.5,111,Vegetarian
0.99982,0.38429,Fresh Wasabi,33.637161,-112.19974,4.0,79,American
0.66376,0.81507,Zen 32,33.5100455,-112.01408,3.0,110,Asian
0.57971,0.36315,Ruth's Chris Steak House,33.546,-111.96828,4.0,76,American
0.73439,0.57535,Fair Trade Cafe,33.4593954,-112.0742496,4.0,129,Asian
0.82883,0.21063,Elephant Bar,33.6556823,-111.9300145,3.5,56,Asian
0.90351,0.27451,Casella's Italian Delicatessen,33.5227721,-111.9001502,4.5,66,etc
0.25903,0.62989,Fuego Tacos,33.5085330166,-112.029066725,3.5,129,etc
0.93933,0.55548,SakeBomber Sushi & Grill,33.407088,-111.911549,3.5,91,Asian
0.07809,0.80934,Los Reyes de la Torta,33.5708131,-112.0657374,4.0,268,Mexican
0.97556,0.31790,Culver's,33.6836757,-112.0984072,4.0,63,Asian
0.52274,0.46102,Phoenix Art Museum,33.4673017,-112.0734116,4.5,145,etc
0.94487,0.28620,Capriotti's Sandwich Shop,33.3046962,-111.9777693,4.0,74,etc
0.97554,0.31497,Blue 32 Sports Grill,33.3072791,-111.7565009,4.0,74,Nightlife
0.72185,0.24625,Forefathers Gourmet Cheesesteaks & Fries,33.3351559,-111.9631173,4.0,106,etc
0.97261,0.38883,Fajitas A Sizzlin Celebration,33.5763551,-112.1164397,3.5,55,Mexican
0.80396,0.45168,Rhythm Room,33.4942179,-112.059748,4.0,80,Nightlife
0.47381,0.59017,Scott's Generations Restaurant & Delicatessen,33.5175821,-112.064846,3.5,115,etc
0.95913,0.60646,Tim Finnegan's Irish Pub,33.569402,-112.1204191,4.0,77,Nightlife
0.99847,0.29888,Thai House,33.6267322,-111.8912034,4.0,95,Asian
0.09972,0.74310,Rula Bula,33.426368,-111.9398551,3.5,238,Nightlife
0.39471,0.51834,Heart Attack Grill,33.304775,-111.947948,3.0,110,American
0.85696,0.51307,Thai Rama,33.306499,-111.877846,3.5,125,Asian
0.06416,0.50644,T Cook's Restaurant & Lounge,33.4962205,-111.9641728,4.0,136,Nightlife
0.00009,0.85404,Tuck Shop,33.472853,-112.056065,4.5,227,American
0.05030,0.86835,Blanco,33.546,-111.96828,3.5,214,Mexican
0.08791,0.66191,Centurion,33.458871,-112.077177,4.0,126,American
0.89856,0.56262,Udupi Indian Veg & Vegan Cuisine,33.4480659,-111.9270202,3.5,89,Vegetarian
0.44411,0.49840,Grand Lux Cafe,33.5025941,-111.9296765,3.5,99,Asian
0.80345,0.32872,Ruth's Chris Steak House,33.5088428,-112.0342897,4.0,65,American
0.17518,0.76238,Rustler's Rooste,33.3702541,-111.9741847,3.5,176,American
0.78265,0.73359,Lola Coffee,33.4587437,-112.0775732,4.0,107,Asian
0.87105,0.50621,The Tavern On Mill,33.426351,-111.940137,3.5,80,Nightlife
0.12479,0.60972,Pita Jungle,33.319395,-111.874965,4.0,157,Vegetarian
0.10175,0.59544,Studio Movie Grill,33.6273043125,-111.894766598,3.5,171,Arts & Entertainment
0.42815,0.45081,Kitchen 56,33.4881846,-111.9608249,3.5,99,American
0.91400,0.40486,Thai E-San,33.4951554,-112.0822129,3.5,79,Asian
0.93646,0.26625,Picazzo's Organic Italian Kitchen,33.3350531,-111.9445728,4.0,89,Italian
0.82793,0.43520,The Armadillo Grill,33.5093736,-112.0409502,4.0,102,Nightlife
0.11770,0.58302,Alice Cooperstown,33.4448019849,-112.072117722,3.5,207,Nightlife
0.65248,0.68563,Xtreme Bean Coffee Company,33.3926383,-111.9110915,3.5,122,Asian
0.79928,0.38879,The Boulders,33.8000576,-111.9280264,4.0,49,etc
0.24587,0.89236,Barrio Queen,33.498915,-111.928258,3.0,108,Mexican
0.89698,0.40984,Churn,33.5136394,-112.0734885,4.0,105,Asian
0.93005,0.10800,Rock Bottom Restaurant & Brewery,33.678615,-111.9746066,3.0,60,Asian
0.08809,0.86260,Bliss ReBAR,33.457863,-112.068359,4.0,202,Nightlife
0.92091,0.20758,Pinnacle Peak Patio,33.726807,-111.8531068,3.5,65,American
0.65286,0.32067,Old Spaghetti Factory,33.305675,-111.897004,2.5,61,American
0.56164,0.43818,Mojo Yogurt,33.5102068,-112.0272041,4.0,115,Asian
0.45987,0.83776,Grazie Pizzeria & Wine Bar,33.4931627,-111.9310456,4.0,132,American
0.78979,0.46994,Martini Ranch,33.4994444,-111.9242412,3.5,115,Nightlife
0.50312,0.79475,Copper Star Coffee,33.497437,-112.083886,4.0,201,Asian
0.80202,0.41150,Butters Pancakes & Caf,33.554825,-111.899636,4.0,89,Breakfast & Brunch
0.78460,0.61770,La Tolteca Mexican Foods,33.45107,-112.055957,4.0,109,etc
0.73684,0.34814,Mamma Mia,33.4948977,-112.0637645,4.0,116,Italian
0.95798,0.43320,Thai Spices,33.413158,-111.875779,4.0,86,Asian
0.88335,0.42534,Sochu House,33.47907,-112.073306,4.0,51,Nightlife
0.27950,0.73388,Kona Grill,33.5025941,-111.9296765,3.5,170,American
0.07771,0.80830,Haus Murphy's,33.5384434,-112.1830859,4.0,171,etc
0.84015,0.62006,Dozo,33.499236,-111.9177014,4.0,92,Asian
0.87801,0.22603,Luke's of Chicago's,33.495035,-112.047259,3.5,80,American
0.74756,0.52316,Smashburger,33.3782275,-111.9297442,3.5,105,American
0.85334,0.21214,Zuma Grill,33.423991,-111.939582,2.5,55,American
0.14150,0.78918,The Rose and Crown,33.4493777,-112.0656259,3.5,187,Nightlife
0.64347,0.45179,Pork on a Fork,33.683226,-112.092802,4.5,125,American
0.35003,0.70468,Pearl Sushi Lounge & Bomber Bar,33.4973896,-111.9223075,3.0,123,Nightlife
0.35262,0.55335,Le Chalet,33.639403,-112.180066,4.5,118,etc
0.00578,0.80750,The Grind,33.5097768,-111.9957399,3.5,229,Nightlife
0.66596,0.52262,Tammie Coe Cakes,33.4586921291,-112.06556797,4.0,121,Breakfast & Brunch
0.63103,0.46243,Maria Maria,33.4329724,-111.9043028,3.0,93,Mexican
0.99950,0.36887,El Bravo,33.5599538,-112.0653058,4.0,66,Mexican
0.46835,0.32044,Thirsty Lion Pub & Grill,33.4330350802,-111.905558109,3.5,110,American
0.99484,0.37238,Baiz Market,33.455036,-112.038676,4.0,67,etc
0.89432,0.41387,Sheraton Phoenix Downtown Hotel,33.4526933,-112.0701129,4.0,58,Hotels & Travel
0.59484,0.51759,Blue Nile Cafe,33.42135,-111.924806,4.0,103,etc
0.52777,0.67754,FilmBar,33.457249,-112.0712298,4.5,125,Arts & Entertainment
0.68586,0.59188,Sam's Cafe,33.4527955,-112.0693177,3.5,115,Mexican
0.92366,0.44582,Rum Bar,33.455572,-112.0720214,4.0,47,Nightlife
0.55371,0.49239,Humble Pie,33.4743013,-112.0649235,3.5,90,Italian
0.37182,0.54745,Short Leash Dogs,33.4528292,-112.0685027,4.5,192,etc
0.94298,0.40896,University of Phoenix Stadium,33.52796,-112.2641158,4.0,80,Arts & Entertainment
0.43005,0.66031,Golden Buddha,33.4552907,-111.9878697,3.0,140,Asian
0.80451,0.28723,El Hefe,33.50123,-111.921935,3.5,93,Nightlife
0.93239,0.24224,Zoes Kitchen,33.4656695,-112.0816756,3.0,84,etc
0.67913,0.58937,Sakana Sushi & Grill,33.3488957,-111.9766015,4.0,132,American
0.97481,0.36335,Valle Luna Mexican Restaurant,33.319395,-111.874965,3.5,84,Mexican
0.48985,0.61099,Rudy's Country Store & Bar-B-Q,33.3057949,-111.9677833,4.0,154,American
0.63682,0.67179,Garage Wine and Tap,33.5237453,-112.0487368,3.5,104,Nightlife
0.65259,0.73596,Phoenix Palace,33.3369531,-111.8764361,4.0,99,etc
0.97421,0.50372,Patsy Grimaldi's Pizzeria,33.261657,-111.860733,4.0,91,Italian
0.03767,0.73451,Eddie's House,33.4950947,-111.9292934,3.5,152,American
0.77347,0.45918,Bloom,33.566247,-111.9257768,4.0,80,American
0.82165,0.25117,Organ Stop Pizza,33.392791,-111.807604,3.5,68,Arts & Entertainment
0.61444,0.54555,Genghis Grill,33.4329724,-111.9043028,3.5,109,Asian
0.89634,0.57304,Papaya Thai,33.4074413,-111.9099121,3.0,62,Asian
0.70345,0.71426,Thai Basil,33.421657,-111.944749,4.0,152,Asian
0.88806,0.48895,Lucky Boy Burger Shop,33.487843,-112.048021,4.0,101,American
0.80290,0.62936,Maxim Restaurant,33.488527,-112.1001451,4.0,94,Asian
0.95673,0.34485,Tomo Japanese Cuisine,33.463543,-112.341878,4.0,75,Asian
0.34545,0.51512,The Capital Grille,33.5102068,-112.0272041,4.0,103,American
0.98866,0.31203,Crazy Jim's Restaurant,33.4943672,-112.0912518,4.0,79,Italian
0.90080,0.08175,Honey Bear's BBQ,33.4514039,-111.973603,3.5,96,American
0.84586,0.43215,Over Easy,33.639241,-111.881719,3.5,105,Breakfast & Brunch
0.98191,0.18601,Fiesta Burrito,33.4659256,-111.9216144,4.0,92,Mexican
0.65480,0.66916,Farm At South Mountain,33.390792,-112.012504,4.0,136,American
0.23879,0.69379,SunUp Brewing Co,33.5094087,-112.0687564,3.5,153,Nightlife
0.95555,0.30452,Whole Foods Market,33.5839581,-111.9788671,3.5,58,Asian
0.68829,0.35530,The Capital Grille,33.636322,-111.922456,3.5,63,American
0.53849,0.91762,Yen Sushi & Sake Bar,33.640832,-112.151282,4.0,160,Asian
0.89914,0.25673,YC's Mongolian Grill,33.3941184,-111.9091208,4.0,73,Asian
0.79703,0.39633,Vermont Sandwich Company,33.5690606323,-111.890093032,4.5,77,etc
0.93872,0.33341,The Scottsdale Plaza Resort,33.5400879,-111.9260096,3.5,50,etc
0.98510,0.34536,Yume Sushi Grill,33.6355242,-111.9253385,4.0,71,etc
0.09726,0.90317,Rice Paper,33.4719589,-112.0649208,3.5,171,Asian
0.77352,0.39040,Crudo,33.4961,-111.929344,4.0,46,American
0.52808,0.40295,Roy's Restaurant,33.319377,-111.966307,4.0,93,Asian
0.88495,0.37219,Tien Wong Hot Pot,33.33985,-111.860002,4.0,58,etc
0.95992,0.40015,My Big Fat Greek Restaurant,33.424778,-111.939846,3.5,93,Italian
0.97659,0.40170,My Big Fat Greek Restaurant,33.5834449,-111.9770187,3.0,67,Italian
0.52655,0.46019,Giligin's Bar,33.4982604,-111.9251128,3.5,124,Nightlife
0.97001,0.17416,Jimmy & Joe's Pizzeria,33.3211423,-111.9104666,4.0,64,Italian
0.34139,0.43532,Italian Restaurant,33.507425,-112.0366323,3.5,74,American
0.83071,0.06360,The Cheesecake Factory,33.6243102,-111.9257316,3.5,76,Asian
0.84423,0.33549,P.F. Chang's China Bistro,33.42263,-111.940813,3.0,77,etc
0.86931,0.56221,Tommy Bahama Restaurant & Bar - Scottsdale,33.624638,-111.930343,3.5,91,American
0.84060,0.28693,America's Taco Shop,33.4219276,-111.9273071,3.5,83,Mexican
0.72541,0.54253,Phoenix Ranch Market III,33.4596905,-112.0462108,4.5,106,Asian
0.58951,0.23823,Nimbus American Bistro N' Brewery,33.5388471,-111.9641728,3.0,85,Asian
0.61171,0.20496,Mike and Ronda's The Place,33.6387746,-112.1709674,4.0,127,American
0.61779,0.13176,Fleming's Prime Steakhouse & Wine Bar,33.6744167,-111.8894434,4.0,54,Nightlife
0.24605,0.41744,NoRTH,33.6247911,-111.9257312,4.0,156,American
0.73035,0.55317,Zipp's Sports Grill,33.502049,-111.9182798,3.5,106,Nightlife
0.87707,0.25529,Firebirds Wood Fired Grill,33.6308784,-112.2382757,3.5,62,American
0.94608,0.41982,Aloha Kitchen,33.360804,-111.859837,4.0,86,etc
0.79892,0.08702,The Keg Steakhouse & Bar,33.3056888,-111.8973083,4.0,78,Nightlife
0.36400,0.45878,Roy's Restaurant,33.683479,-111.966112,4.0,106,Asian
0.02389,0.37912,Oregano's Pizza Bistro,33.509578,-112.060185,4.0,185,Italian
0.91422,0.30386,Kona Grill,33.3022462,-111.897967,3.5,90,American
0.97160,0.48708,Shogun,33.5999386,-111.9797159,3.0,79,Asian
0.97677,0.37842,Perk Eatery,33.6253241,-111.9403451,4.0,79,Breakfast & Brunch
0.88291,0.48450,Gold Bar Espresso,33.3947699,-111.9088938,3.5,77,Asian
0.81806,0.43548,Char's Has the Blues,33.5050299,-112.0823438,4.5,85,Arts & Entertainment
0.08325,0.93566,Stax Burger Bistro,33.500545,-111.9264093,3.5,189,American
0.79995,0.41292,Chuhgajib Korean BBQ,33.6116508043,-112.165567973,3.5,84,etc
0.97589,0.35098,Valle Luna,33.632948,-112.031266,3.5,85,Nightlife
0.72906,0.27761,Charlie's,33.508834,-112.083991,3.5,70,Nightlife
0.93983,0.45383,Cheeburger Cheeburger,33.4329724,-111.9043028,3.5,41,American
0.67232,0.61516,Fresh Mint,33.6119344,-111.9271523,4.0,128,etc
0.80414,0.21468,Arriba Mexican Grill,33.509702,-112.042514,3.5,94,Mexican
0.99714,0.36593,Mekong Palace,33.413158,-111.875779,3.5,48,Asian
0.88732,0.41403,Valle Luna,33.6397311,-112.1310388,3.5,90,Mexican
0.72596,0.57513,Original Hamburger Works,33.4798163,-112.091191,4.0,111,Nightlife
0.87432,0.23227,Crazy Buffet,33.3480423403,-111.964952946,3.0,68,Asian
0.97759,0.27169,How Do You Roll?,33.449188,-112.0772,4.0,77,Asian
0.28788,0.50056,Blue Hound Kitchen & Cocktails,33.4471735,-112.073781,3.5,80,American
0.69606,0.61152,Shimogamo,33.3350308,-111.877431,4.0,117,Asian
0.67725,0.47718,Loco Patron,33.4977299,-111.9263351,3.0,114,Nightlife
0.37542,0.69241,Republic Ramen + Noodles,33.421303,-111.916969,3.5,171,etc
0.90862,0.51787,Teakwoods Tavern & Grill,33.496155,-112.021248,4.0,83,American
0.79899,0.35672,Grassroots Kitchen & Tap,33.5557353,-111.8988152,4.0,75,American
0.76383,0.23547,La Fontanella Restaurant,33.4949597,-111.98959,4.0,42,American
0.86654,0.27324,Lisa G Cafe and Wine Bar,33.474605,-112.065107,4.0,58,American
0.60497,0.14574,Apple Store,33.5094293,-112.029503,3.5,88,etc
0.91075,0.37929,Habanero's Mexican Grill,33.6212748487,-111.899064354,4.0,121,Mexican
0.79228,0.81836,Solo Caf Gourmet Coffee & Tea House,33.378062079,-111.938226379,4.5,131,Asian
0.03894,0.30739,Caf Monarch,33.494205,-111.931447,4.5,172,American
0.89407,0.40431,Five Guys Burgers and Fries,33.3805962,-111.75452,3.0,73,American
0.54807,0.51306,Macayo's Mexican Kitchen,33.492722,-112.073346,3.0,81,Mexican
0.91925,0.29421,Smashburger,33.4368974,-111.9300378,3.5,66,American
0.69048,0.53358,Five Guys Burgers and Fries,33.4240085,-111.9401874,3.0,100,American
0.99650,0.50155,Lox Stock & Bagel,33.5442293455,-111.905472279,4.5,85,Asian
0.88532,0.22224,Honey Bear's BBQ,33.3481590509,-111.963708221,3.0,65,American
0.72728,0.53002,The Blue Fin,33.4640982988,-112.073569,4.0,107,Asian
0.61639,0.62614,The Gelato Spot,33.496647,-111.926503,4.5,156,Asian
0.82641,0.37655,Village Tavern,33.5706,-111.9021,3.5,78,Nightlife
0.00003,0.80773,Petite Maison,33.501161,-111.925513,4.0,222,etc
0.81952,0.22209,Wy-Knot Cafe,33.4741375,-112.0649666,4.0,72,Breakfast & Brunch
0.82820,0.36164,Karey's Kitchen,33.479852,-111.994039,4.0,45,Asian
0.87594,0.40313,That's A Wrap,33.4702022,-112.0653186,4.0,83,etc
0.92920,0.55984,Sahara Middle Eastern Restaurant,33.3931628,-111.9080584,4.5,90,etc
0.56422,0.39789,Santisi Brothers - Pizzeria & Sports Grill,33.6400995,-112.1201999,4.0,113,Nightlife
0.99929,0.50232,Pitta Souvli,33.277061,-111.860579,4.0,70,Italian
0.56223,0.46115,Changing Hands Bookstore,33.362444,-111.912417,4.5,154,etc
0.95922,0.21343,YC's Mongolian Grill,33.3492306,-111.9525282,4.0,59,Asian
0.89889,0.36817,Salt River Fields at Talking Stick,33.5533766,-111.8916321,4.0,59,Arts & Entertainment
0.82812,0.50443,Sleepy Dog Brewing,33.4225411,-111.9041782,4.0,76,Asian
0.92533,0.43959,Abuelo's,33.3059393,-111.9019797,3.5,95,Mexican
0.64871,0.22689,Wag N' Wash Healthy Pet Center,33.4978009,-112.0837798,4.5,87,etc
0.84022,0.24806,Teakwoods Tavern & Grill,33.3197658,-111.944694,3.5,69,Nightlife
0.70365,0.31851,Ocean Prime,33.6753542415,-111.965274811,4.0,54,American
0.37969,0.81161,Reathrey Sekong,33.4948142,-112.0536454,4.5,117,etc
0.77653,0.06039,Myst,33.5008001,-111.9227925,2.0,60,Nightlife
0.90657,0.30622,Brunchies,33.3022008,-111.8410615,3.0,68,Breakfast & Brunch
0.65838,0.56888,Crackers & Co Cafe,33.383949,-111.843786,4.5,131,Breakfast & Brunch
0.15831,0.67034,The Greene House,33.6247911,-111.9257312,3.5,141,American
0.99872,0.36972,Jade Palace,33.58348,-111.883526,3.5,72,Asian
0.95126,0.28899,Sing High Chop Suey House,33.4460879,-112.0741278,3.0,45,Asian
0.57964,0.44949,Arizona Science Center,33.4486711,-112.0662996,4.0,106,etc
0.89495,0.61684,Fibber Magees,33.348908,-111.874796,4.0,72,Nightlife
0.49396,0.49045,Lucky Strike Lanes & Lounge,33.4471778,-112.0744503,3.5,100,Arts & Entertainment
0.63958,0.42511,Great Wall Cuisine,33.5108735,-112.134201,3.5,121,Asian
0.96413,0.07496,Picazzo's Organic Italian Kitchen,33.597361,-111.9813513,3.5,54,Italian
0.80734,0.40837,Indian Paradise,33.6222859533,-111.904171575,4.0,97,etc
0.52194,0.75071,Pho Ao Sen,33.37844,-111.876416,4.0,162,Asian
0.83686,0.31920,Devil's Martini North,33.5847015,-111.9257372,2.5,48,Nightlife
0.84993,0.40358,Dragonfly Cafe,33.5744834,-111.8629187,4.0,69,American
0.98100,0.50396,Cyprus Grill of Phoenix,33.5062577,-112.0388617,4.0,91,Italian
0.22494,0.75013,Cadillac Ranch,33.4329724,-111.9043028,2.5,137,American
0.47854,0.51904,The Keg Steakhouse & Bar,33.4237766269,-111.908025742,4.0,91,American
0.81142,0.35713,Al-Hana,33.455036,-112.038676,4.5,52,etc
0.95182,0.43346,Press Coffee,33.6758542337,-111.966733932,4.5,61,Asian
0.65939,0.65202,Latitude Eight Thai Grill,33.3021074,-111.8420649,4.0,106,Asian
0.66573,0.32579,Majerle's Sports Grill,33.4487652,-112.0714186,3.0,117,Nightlife
0.62003,0.03604,Rito's Market & Mexican Take Out,33.457939,-112.0520855,4.5,107,Mexican
0.87774,0.35533,Pointe Hilton Squaw Peak Resort,33.5478355,-112.0474569,3.5,63,Hotels & Travel
0.30773,0.71604,La Piazza al Forno,33.5384203,-112.1839297,4.0,157,American
0.85709,0.51436,Pure Sushi,33.6710331,-111.9067803,4.0,93,Asian
0.96757,0.33428,Cafe Wasabi,33.3939224,-111.9091205,3.0,52,Asian
0.46550,0.53736,Tommy V's Urban Kitchen & Bar,33.4949678,-111.9241443,4.5,131,American
0.54897,0.60726,Shady's,33.4948091,-112.023489,4.0,117,Nightlife
0.68590,0.32703,Bookman's Entertainment Exchange,33.3958117,-111.8417161,4.0,97,etc
0.46641,0.39149,Gordon Biersch Brewery Restaurant,33.425711,-111.94047,3.5,132,Nightlife
0.77504,0.45703,Cafe Bink,33.820937,-111.9228454,4.0,70,American
0.07462,0.81072,Dick's Hideaway,33.5242874,-112.0474855,4.5,230,American
0.99199,0.30537,Gourmet House of Hong Kong,33.4659091,-112.0503324,3.5,57,Asian
0.90846,0.39281,U.S. Egg,33.3779965057,-111.938030185,4.0,90,American
0.63990,0.55544,Spinato's Pizza,33.427634,-111.899966,4.5,140,Italian
0.78009,0.40152,Revo Burrito,33.5100571,-112.0143931,3.5,95,Mexican
0.27602,0.88699,RA Sushi Bar Restaurant,33.4920033,-111.9258022,3.0,198,Asian
0.79704,0.38284,Saigon Kitchen,33.6382038313,-112.363443375,4.0,85,Asian
0.77335,0.30565,Fresh & Easy Neighborhood Market,33.4945700621,-112.083116518,3.5,61,Asian
0.31038,0.49818,Last Chance Bargain Shoes & Apparel,33.5090018,-112.0409994,3.5,193,etc
0.79977,0.26305,Vincent Market Bistro,33.5100523,-111.9963126,4.5,62,etc
0.98014,0.53849,Fresh Wasabi Sushi & Grill,33.638937,-112.3553813,3.5,71,Asian
0.78837,0.29201,Whole Foods Market,33.3202274,-111.8933909,4.5,94,Asian
0.11917,0.83773,Stingray Sushi,33.4986978,-111.9262675,3.0,196,Asian
0.54450,0.44907,Donovan's Steak and Chop House,33.509554,-112.015207,4.0,81,American
0.98687,0.43353,Lenny's Burger Shop,33.4795408,-112.0734213,4.0,94,American
0.84557,0.42148,Sheraton Wild Horse Pass Resort & Spa,33.266696887,-111.991534181,4.0,63,Hotels & Travel
0.73720,0.53003,Macayo's Depot Cantina,33.427732,-111.943236,2.5,88,Mexican
0.90678,0.40724,Doubletree Scottsdale-Paradise Valley Resort,33.514027,-111.92487,3.5,60,Hotels & Travel
0.90614,0.30609,Al's Beef,33.619412,-111.8980932,3.5,62,etc
0.15582,0.59761,BLT Steak,33.533525,-111.965872,4.0,105,American
0.98492,0.19742,Kona Grill,33.306896,-111.752395,3.5,66,Asian
0.56023,0.50478,UltraStar Cinemas,33.5379429,-111.8890142,3.5,88,Arts & Entertainment
0.60412,0.29630,J. Alexander's,33.5271966,-111.9259109,3.5,84,Breakfast & Brunch
0.28685,0.48067,Kai,33.2664769,-111.9918702,4.5,83,American
0.95875,0.52228,My Wine Cellar,33.3338729,-111.977793,4.0,56,etc
0.84753,0.40705,Burton Barr Central Library,33.4629168,-112.0730782,4.5,70,etc
0.99890,0.51560,Cartel Coffee Lab,33.4492,-112.0696,4.5,82,Asian
0.70066,0.18957,The Cheesecake Factory,33.3022462,-111.897967,3.5,72,Asian
0.86887,0.27107,Armitage Wine Lounge & Cafe,33.6721048,-111.8904868,3.5,52,Nightlife
0.34626,0.62567,Pita Jungle,33.5840123,-111.9223917,4.0,206,Vegetarian
0.48133,0.52247,Phoenix Zoo,33.4537841,-111.9532638,4.0,161,Arts & Entertainment
0.22160,0.75094,Wild Thaiger,33.4779339657,-112.073523642,4.0,180,Asian
0.65861,0.44480,Jimmy Woo's,33.4977992,-111.9259521,3.0,82,Asian
0.89943,0.36020,Sacred Hogan Navajo Frybread,33.4951559,-112.0629953,3.5,42,American
0.87448,0.18811,The Melting Pot,33.661675,-112.187061,4.0,46,etc
0.18600,0.61301,Tryst Cafe,33.677854,-111.978579,4.0,155,Asian
0.99390,0.22533,Lemongrass Thai Cafe,33.407717,-111.950803,3.5,57,Asian
0.97388,0.38551,Chloe's Corner,33.6244671692,-111.927910236,4.0,87,etc
0.97475,0.18488,AZ Bread Company,33.3487630101,-111.94435105,4.0,81,Breakfast & Brunch
0.96629,0.61276,My Big Fat Greek Restaurant,33.4492,-112.0696,3.0,56,Italian
0.87659,0.32830,Sapna Caf,33.457118,-112.0898162,3.5,48,Breakfast & Brunch
0.92867,0.24561,Jasmine Tokyo,33.5825532,-111.9301931,4.0,70,Nightlife
0.90916,0.30371,Pho Da Lat,33.3480722,-111.9451471,3.5,83,Asian
0.90569,0.38722,Lush,33.5025941,-111.9296765,4.5,72,etc
0.78534,0.62629,Arizona Grand Resort,33.373465,-111.971852,3.0,96,etc
0.90138,0.66616,Little Saigon,33.539257,-112.181569,4.0,99,Asian
0.71173,0.73388,Classic Italian Pizza,33.379421,-111.923529,4.0,103,Italian
0.88913,0.16547,Taggia,33.5088652466,-111.925004125,4.0,54,American
0.47054,0.60965,The Original Pancake House,33.502239,-111.9325368,3.5,113,Breakfast & Brunch
0.79531,0.33325,Ristorante Giuseppe,33.6097989,-111.9271921,4.0,89,American
0.66499,0.29265,Drybar,33.6235418,-111.925544,4.0,52,etc
0.53781,0.48325,Bacon,33.4960516,-111.9303102,3.0,59,Breakfast & Brunch
0.92944,0.51459,Sakana Sushi & Grill,33.6696493,-112.1868299,4.0,105,Asian
0.90049,0.30545,Paletas Betty,33.3023282,-111.8427622,4.5,103,Asian
0.23621,0.67931,Cork Restaurant,33.2475,-111.87918,4.0,115,American
0.83351,0.16635,Rock Bottom Restaurant and Brewery,33.6385506,-112.2234146,3.5,54,American
0.82845,0.34983,Gold's Gym Elite,33.4482331,-112.0737845,3.0,48,Arts & Entertainment
0.79060,0.24896,The Heard Museum,33.4726589,-112.0734644,4.0,71,etc
0.95434,0.63108,Chicago Gyros,33.654353214,-112.083579912,4.5,105,Italian
0.78721,0.18981,Oregano's Pizza Bistro,33.3940307186,-111.875010221,4.0,82,Italian
0.99579,0.56371,Blitz Sports Bar & Grill,33.497145,-111.9278401,3.0,59,Nightlife
0.47543,0.46409,Musical Instrument Museum,33.6677289993,-111.978514194,4.5,134,etc
0.73011,0.35969,Conspire,33.457788,-112.067113,4.0,61,Asian
0.92444,0.29466,Pino's Pizza Al Centro,33.4801532,-112.0759353,4.0,96,Italian
0.72710,0.57642,Crust Pizza & Wine Cafe,33.5381023,-111.9085317,4.0,93,etc
0.78013,0.44906,Patties,33.494295,-111.925461,3.5,68,etc
0.72892,0.39522,Flo's Chinese Restaurant,33.623019,-111.875449,3.5,126,Asian
0.46677,0.61885,China King,33.3210491,-111.8605718,4.0,131,American
0.76346,0.49243,The Grapevine,33.494295,-111.924219,3.0,89,American
0.95265,0.52977,Saigon Pho,33.327278,-111.858116,4.0,127,Asian
0.32598,0.92204,Distrito,33.4940321,-111.9218306,3.5,109,Breakfast & Brunch
0.32924,0.57310,Two Hippies Beach House Outrageous Tacos and Burritos,33.509038,-112.0670453,3.5,148,Mexican
0.72207,0.29712,Tempe Improv,33.4223387,-111.925234,4.0,68,Nightlife
0.47122,0.60195,Jalapeo Inferno Bistro Mexicano,33.7005934,-111.9235128,3.5,137,Mexican
0.97218,0.24202,Freddy's Frozen Custard & Steakburgers,33.6387798,-112.1672471,4.0,77,Asian
0.89223,0.42630,Hyatt Regency Phoenix,33.449858,-112.071886,3.0,78,Hotels & Travel
0.93844,0.20352,Market Bistro,33.6252063329,-111.941177845,3.5,57,Italian
0.97854,0.38682,Vitamin T,33.4482331,-112.0737845,3.0,59,Mexican
0.97105,0.39847,Woodlands Vegetarian South Indian Kitchen,33.320255,-111.927681,4.0,73,Vegetarian
0.50342,0.44563,Havana Cafe,33.639896,-111.94439,3.5,85,etc
0.91672,0.63562,Thai Rama Restaurant,33.509172,-112.088808,3.5,85,Asian
0.93160,0.37227,Life Time Fitness,33.3402863,-111.9647327,4.5,56,Arts & Entertainment
0.71306,0.30813,Del Frisco's Grille,33.5091313,-112.0283059,3.5,58,Nightlife
0.90412,0.23150,Caffe Boa Ahwatukee,33.3488977,-111.9763848,4.0,60,American
0.81131,0.32324,Cafe Carumba,33.4949678,-111.9241443,3.5,68,American
0.92494,0.28878,Cupz N' Crepes,33.305824,-111.991311,4.0,76,Asian
0.90134,0.57943,Sala Thai,33.5854942,-112.013359,4.0,92,Asian
0.78456,0.47623,Su Vino Winery,33.492517,-111.930037,4.0,74,Nightlife
0.28145,0.61211,Oregano's Pizza Bistro,33.483281,-111.926895,4.0,186,Italian
0.80870,0.42878,Atlas Bistro,33.475302,-111.925588,4.5,50,American
0.17338,0.68880,Beaver Choice,33.4071624168,-111.910356573,4.5,166,etc
0.87729,0.36413,Takamatsu Of Chandler,33.351089,-111.84303,4.0,83,etc
0.92018,0.48836,Saddle Ranch Chop House,33.5331251,-112.2581306,3.5,81,Nightlife
0.91317,0.27189,Nagasaki Grill Toh Zan,33.3939372,-111.8772849,4.0,65,etc
0.74539,0.51464,Phoenix Public Market,33.4556958,-112.0740398,4.0,110,Asian
0.90173,0.18606,Cracker Barrel Old Country Store,33.4348451476,-111.867690357,3.5,57,American
0.86667,0.32390,Babbo Italian Eatery,33.6691088,-112.2029357,3.5,72,American
0.87766,0.56640,Soi 4 Bangkok Eatery,33.5668050729,-111.925470829,4.0,65,Asian
0.75178,0.18072,Next Coffee Co. & Phoenix Catering,33.6624675,-112.18689,3.0,62,Asian
0.86088,0.39213,Half Moon Sports Grill,33.5054706,-112.0370088,3.0,73,Nightlife
0.88697,0.34288,The Wigwam,33.4952867,-112.3556173,4.0,56,Arts & Entertainment
0.72059,0.34794,Canal Restaurant,33.499705,-111.927222,3.5,42,Nightlife
0.25400,0.46918,Metro Brasserie & Bar,33.498915,-111.928258,3.5,77,etc
0.58269,0.35143,Amsterdam,33.44238,-112.349719991,3.5,95,Nightlife
0.88273,0.36147,P.F. Chang's Rock 'n' Roll Marathon and Half Marathon,33.4481182,-112.0971145,4.0,39,Arts & Entertainment
0.57266,0.29803,Harkins Camelview 5,33.5048545,-111.9318345,4.0,114,Arts & Entertainment
0.87538,0.38935,Trader Joe's,33.5076745,-112.0388709,4.5,67,Asian
0.96068,0.22730,El Pollo Supremo,33.4216092,-111.9429427,4.5,74,Mexican
0.86110,0.38283,Z'Tejas Southwestern Grill,33.319212,-111.967861,3.5,89,etc
0.85875,0.39013,The Gelato Spot,33.510046,-112.0140832,4.0,95,Asian
0.92740,0.56222,Old Town Farmers Market,33.492224,-111.924544,4.0,63,Asian
0.89608,0.34043,The Keg Steakhouse & Bar,33.678615,-111.9746066,3.5,65,Nightlife
0.82305,0.12720,Riazzi's Italian Garden,33.399991,-111.939886,3.5,59,American
0.98798,0.26280,Spotted Donkey Cantina, el Pedregal,33.798073,-111.926458,4.0,76,Mexican
0.92593,0.16478,Carolina's West,33.581302,-112.25351,3.5,76,Mexican
0.65401,0.69549,The Skeptical Chymist,33.6281017,-111.8912231,3.5,135,Nightlife
0.93882,0.12929,Pacific Seafood Buffet,33.638669,-112.231662,3.5,69,American
0.84408,0.22683,Chick Rotisserie & Wine Bar,33.5097951,-111.9956764,3.0,38,Nightlife
0.69812,0.26109,Chompie's,33.2976955302,-111.901330948,3.5,96,Asian
0.76249,0.50453,Praying Monk,33.4920804,-111.9255527,3.5,47,Nightlife
0.88162,0.08441,Sweet Tomatoes,33.3931045,-111.9149788,3.5,51,etc
0.68353,0.55870,Portland's Restaurant & Wine Bar,33.45977,-112.0741625,3.5,80,Nightlife
0.91319,0.20212,Dilly's Deli,33.4221126,-111.94542,4.0,85,etc
0.98105,0.24952,5th Avenue Cafe,33.480016,-112.080631,3.5,58,Breakfast & Brunch
0.89992,0.27786,Pepin,33.4922188,-111.9241193,2.5,60,etc
0.78568,0.45767,Stinkweeds Record Exchange,33.509284,-112.07454,4.5,81,etc
0.97775,0.41551,Rock-n-Roll Fingers,33.4074496,-111.9249272,4.5,74,American
0.98594,0.21468,Lao Ching Hing,33.4552907,-111.9878697,3.0,47,Asian
0.96327,0.26651,Nello's Pizza,33.3933063,-111.9082183,3.5,63,Italian
0.91663,0.38970,Fu Fu Cuisine,33.5094197,-112.1371188,4.0,38,etc
0.43656,0.46576,Brio Tuscan Grille,33.31081,-111.772012,4.0,123,Asian
1.00000,0.28928,Famous Dave's,33.4354618,-111.8693044,4.0,50,American
0.98233,0.47888,House Modern Sushi Restaurant,33.384163,-111.803119,4.5,65,Asian
0.90888,0.25195,Goldfield Ghost Town & Mine Tours,33.456993,-111.492045,3.5,53,Hotels & Travel
0.97121,0.60911,C-Fu Gourmet Restaurant,33.3350458,-111.877429,3.0,85,American
0.86494,0.45250,Harvey's Wineburger,33.5079352,-112.0477237,3.5,50,American
0.93959,0.50254,Pointe Hilton Tapatio Cliffs Resort,33.5950968646,-112.065436542,3.5,70,Hotels & Travel
0.99817,0.33965,Palee's Crown,33.37831,-111.861418,4.0,60,Asian
0.81987,0.15631,Tommy V's Osteria and Pizzeria,33.5096719,-112.0124898,3.5,39,American
0.96029,0.42453,Floridino's Pizza & Pasta,33.3118314,-111.8597433,4.0,110,American
0.94261,0.27749,Life Time Fitness,33.652509,-111.932952,3.5,53,Arts & Entertainment
0.99408,0.18508,Joe's New York Pizza,33.5006293,-111.9232551,3.5,85,Italian
0.89005,0.29642,Top's Liquor,33.421657,-111.944749,4.5,61,Asian
0.90507,0.19444,Graham Central Station,33.3459373,-111.9636701,3.0,42,Nightlife
0.93558,0.50803,Greasewood Flat,33.732058,-111.8457878,4.0,81,American
0.80649,0.22475,Primp and Blow,33.5019817,-111.9276185,3.0,35,etc
0.87092,0.58918,Spinato's Pizza,33.5378713137,-112.055160999,4.5,119,Italian
0.90923,0.38660,US Airways Center,33.445899,-112.071313,4.0,68,Arts & Entertainment
0.89372,0.38415,Au Petit Four,33.4978182,-111.9253728,3.5,67,Breakfast & Brunch
0.92628,0.30226,The Original Garcia's,33.4724491,-112.1345686,4.0,58,Mexican
0.98848,0.24499,Blu Burger Grille,33.5514432,-112.2705607,4.0,66,American
0.90864,0.41109,Trader Joe's,33.3630958,-111.9112208,4.0,78,Asian
0.95546,0.29157,Acacia Cafe,33.4949416,-112.0019948,4.0,74,Breakfast & Brunch
0.94882,0.58191,Blue Wasabi Sushi & Martini Bar,33.3079837358,-111.744301254,3.5,96,Asian
0.87600,0.35092,Comerica Theater,33.448775,-112.079564,3.5,55,Arts & Entertainment
0.93986,0.41512,Phoenix Marriott Tempe at The Buttes,33.4033669363,-111.973214149,3.5,69,Hotels & Travel
0.41340,0.47187,Digestif,33.499499,-111.927402,3.5,56,Nightlife
0.95462,0.43987,Toyama,33.701112,-111.924054,4.5,48,Asian
0.60555,0.53226,Coach & Willies,33.443864,-112.070061,3.0,74,Nightlife
0.99953,0.17865,Babbo Italian Eatery,33.5370761,-112.0474792,4.0,76,Italian
0.45054,0.74855,Giant Coffee,33.465368,-112.072134,4.0,135,Asian
0.99984,0.34280,Los Taquitos,33.538927,-112.048079,4.0,74,Mexican
0.98483,0.19351,Si Seor Restaurant,33.313774,-111.859677,4.0,97,Mexican
0.68339,0.26430,Total Wine,33.5093845,-112.0456423,4.5,81,Asian
0.68854,0.61206,Hotel Indigo Scottsdale Boutique Hotel,33.5011424,-111.9213147,3.5,77,Hotels & Travel
0.77263,0.39851,CityScape,33.4481859,-112.0731329,3.0,47,etc
0.77388,0.29119,The House at Secret Garden,33.3776765,-112.0265945,4.0,66,American
0.99432,0.20878,MedFresh Grill,33.425938,-111.940346,3.5,70,American
0.83687,0.39550,Loving Hut,33.4950082,-112.0114032,3.5,92,Vegetarian
0.82130,0.24324,Buffalo Wild Wings,33.4230344,-111.9262026,3.0,51,American
0.88411,0.25030,That's a Wrap,33.5095,-112.063826,4.0,75,Asian
0.78860,0.21573,Veneto Trattoria,33.52681,-111.9246221,4.0,60,American
0.94338,0.15611,Fry's Marketplace,33.5813091,-111.9790432,4.5,58,Asian
0.90312,0.22433,Benihana,33.6345046,-111.9253792,3.0,52,etc
0.99194,0.36438,Kiss the Cook Restaurant,33.5383534,-112.1658193,3.5,49,Breakfast & Brunch
0.91169,0.41815,Scottsdale Stadium,33.488923,-111.920643,4.5,64,Arts & Entertainment
0.97181,0.37248,Delhi Palace Cuisine of India,33.42135,-111.924806,4.0,68,etc
0.77338,0.23838,Tilted Kilt Pub & Eatery,33.4473356,-112.0734239,2.5,75,Nightlife
0.69038,0.45969,Razz's Restaurant & Catering,33.5802421,-111.9258314,4.0,61,American
0.81510,0.41261,Rawhide At Wild Horse Pass,33.272043,-111.9802308,3.5,72,Arts & Entertainment
0.81421,0.28005,Celebrity Theatre,33.4544224,-112.0147669,3.5,40,Arts & Entertainment
0.93005,0.28881,Zipps Sports Grill,33.4949347,-112.0020575,3.5,58,Nightlife
0.75187,0.32709,Il Posto,33.5754929,-112.0651591,3.5,57,American
0.70722,0.28481,Boston's Restaurant & Sports Bar,33.4221689,-111.944507,3.0,58,Nightlife
0.53954,0.45581,The Cheesecake Factory,33.5100084468,-112.029651966,3.5,92,Asian
0.98432,0.30642,Eliana's Restaurant,33.4668722,-112.0299964,4.0,38,etc
0.86594,0.41240,Va Bene,33.3037399,-111.9810651,4.0,79,Nightlife
0.59149,0.29486,Clarendon Kitchen + Bar C4,33.49112,-112.079081,3.0,31,Nightlife
0.81564,0.47370,Taste of Tops,33.421657,-111.944749,4.5,69,Nightlife
0.97157,0.61318,Scottsdale Mondrian,33.49447,-111.924226,2.5,43,Nightlife
