similarity1,similarity2,name,review_count,average_stars,useful_count,funny_count,cool_count
0.86899,0.29767,wife,3778,3.81418740074,5452,2434,2933
0.99164,0.99063,took,8791,3.43646911614,18215,9222,11580
0.65121,0.13588,birthday,2622,3.8474446987,4899,2371,3143
0.09791,0.15444,breakfast,6744,3.91132858837,11751,5656,7646
0.99902,0.82828,excellent,8583,4.21169754165,12397,4955,7844
0.13627,0.35265,weather,1590,4.03081761006,3254,1522,2325
0.99874,0.93948,perfectly,12746,4.28134316648,25637,12310,18025
0.99749,0.99951,made,14150,3.7983745583,30734,16234,20836
0.76473,0.99853,sitting,9083,3.65760211384,18167,9432,11802
0.43439,0.94666,outside,7855,3.82075111394,14652,7465,9912
0.04003,0.00443,ground,1395,3.75555555556,2777,1508,1936
0.91691,0.88105,absolute,4961,4.03608143519,8962,4260,5656
0.25254,0.01805,pleasure,698,4.15759312321,1782,1015,1325
0.63834,0.72676,waitress,5812,3.25533379215,10035,5097,5753
0.99983,0.99043,food,56596,3.76726270408,85028,39706,52259
0.94837,0.77753,arrived,5236,3.38598166539,12030,6116,7525
0.81816,0.84505,quick,6939,3.78628044387,12893,6356,8594
0.02677,0.18356,morning,3008,3.87666223404,6526,3761,4585
0.93789,0.99986,looking,20601,3.63506625892,42089,23201,27752
0.99471,1.00000,like,44908,3.68279593836,86249,48092,57947
0.96417,0.99999,place,60717,3.8298993692,97197,47408,62019
0.83532,0.77257,filled,5425,3.85714285714,11526,6106,8038
0.90277,0.99997,pretty,17985,3.61045315541,33186,17677,21937
0.24130,0.01443,earlier,881,3.60272417707,2006,1016,1264
0.87232,1.00000,get,38461,3.73672031408,72628,39578,47789
0.11650,0.06591,favor,766,3.71148825065,1678,936,1084
0.21782,0.10560,bloody,740,3.88378378378,1345,703,902
0.45574,0.01787,phenomenal,991,4.40464177598,1856,873,1232
0.59016,0.49233,simply,2290,3.79956331878,5079,2682,3306
0.99788,0.99908,best,22018,4.14351893905,35925,17129,23539
0.99349,0.99985,ever,12546,3.90881555874,24408,13597,16092
0.99627,1.00000,sure,13087,3.75594101016,26644,14523,17899
0.70346,0.94117,used,10717,3.59260987217,22162,11990,14331
0.44993,0.33779,ingredients,3963,3.90941206157,8229,3981,5526
0.12561,0.10076,garden,1106,4.05334538879,2279,1145,1677
0.11815,0.15134,blend,1002,4.04590818363,2137,1109,1500
0.90305,0.55847,freshly,14322,4.08713866778,26630,12269,17859
0.99998,0.99813,ordered,31986,3.61051710123,59871,29501,37756
0.99746,0.99140,everything,11844,4.02710233029,22044,10953,14708
0.99984,0.97955,menu,20940,3.84016236867,38997,18123,25543
0.71238,0.35617,white,4342,3.84937816674,10328,5796,7267
0.51247,0.00186,truffle,654,4.16055045872,1243,497,787
0.01044,0.12922,scramble,813,3.84501845018,1842,892,1259
0.22810,0.35066,egg,5317,3.81324054918,10494,5398,7087
0.67310,0.07426,vegetables,2195,3.82870159453,4492,2046,2963
0.99764,0.99436,tasty,10827,3.91142514085,19541,9574,13445
0.99982,0.99569,delicious,17365,4.24388137057,29571,13817,20216
1.00000,0.99825,came,14534,3.47584973166,28931,14413,18255
0.94279,0.52238,piece,4018,3.56222000996,9076,4774,5887
0.80302,0.33859,bread,8806,3.84306154894,17807,8675,11933
0.99471,0.99510,amazing,13979,4.33750625939,22589,10322,15065
0.99928,0.79522,meal,13761,3.77973984449,26145,12068,16574
0.66473,0.85357,complete,3897,3.45881447267,9411,5307,6135
0.08159,0.07683,toast,2633,3.85681731865,5397,2693,3694
0.98500,1.00000,cant,12931,3.93674116464,24564,13428,16778
0.98625,0.99977,waited,18112,3.69346289753,34688,17416,21941
0.97874,1.00000,go,42733,3.74656588585,75887,39788,49329
0.99939,1.00000,back,31731,3.70082884246,56543,28298,36288
0.24730,0.57193,idea,2756,3.57111756168,6671,4000,4540
0.48375,0.99773,people,17148,3.61651504549,35702,20529,23586
0.98705,1.00000,giving,13863,3.52773569934,27465,14897,17306
0.95717,0.99951,bad,10741,3.26189367843,19823,10856,11907
0.99930,0.99975,reviews,12555,3.59553962565,27265,14492,17842
0.23053,0.41488,goes,2084,3.73032629559,4614,2572,3095
0.09154,0.55615,showed,4542,3.56847203875,10336,5961,6702
0.64599,0.87265,please,3870,3.7488372093,8589,5107,5703
0.77627,0.94258,everyone,6629,3.8790164429,13418,7467,9103
0.94807,0.99994,probably,8418,3.61736754574,16610,9091,10815
0.98461,0.99998,something,12273,3.62152692903,26127,14430,17485
0.92158,0.99985,many,11239,3.74615179286,22776,11698,15064
0.38903,0.20907,case,2160,3.59444444444,5357,3139,3660
0.99931,1.00000,friend,29029,3.92290468153,51143,25342,33968
0.40910,0.71937,pm,4202,3.63779152784,8739,4176,5439
0.59258,0.77186,past,3480,3.62701149425,7711,4026,5161
0.10122,0.68317,crowd,6098,3.7476221712,10806,6046,7383
0.96489,0.99725,thoughts,8231,3.50249058438,17667,9792,11625
0.99271,1.00000,even,23476,3.68955529051,48448,26128,32039
0.99695,1.00000,would,28426,3.56413142897,53783,28210,34084
0.22405,0.12201,forever,1135,3.20176211454,2250,1126,1364
0.75751,0.95855,seating,11732,3.67286055234,22793,10927,14560
0.98872,0.99998,said,10166,3.37202439504,22477,12871,14098
0.99973,0.99999,well,21379,3.84737359091,41867,21873,28264
0.24013,0.46251,girl,3653,3.56200383247,8581,5879,5992
0.99315,1.00000,come,22194,3.77016310715,42594,22107,27655
0.59471,0.94868,someone,4666,3.38384054865,10445,6365,6662
0.80831,0.99870,else,6438,3.53789996893,12644,6865,8042
0.96190,0.35021,waiter,4949,3.4639321075,8702,4119,5005
0.99817,0.99999,got,18105,3.58552885943,35485,19225,23248
0.57627,0.77989,drink,20050,3.68603491272,36726,19515,24179
0.84263,0.55868,pleasantly,3239,3.90120407533,6067,2828,4072
0.24731,0.20859,host,1114,3.68222621185,2560,1282,1753
0.99975,0.97728,us,17364,3.55286800276,34284,16840,21120
0.96870,0.87234,server,11017,3.52936371063,20938,10089,12818
0.98583,0.98304,price,18443,3.7320934772,29641,14005,18517
0.99987,1.00000,good,55949,3.7623728753,89130,44142,57484
0.99553,0.97328,decided,8053,3.56798708556,18058,9603,11860
0.97845,1.00000,wanting,20446,3.60266066712,42386,23561,27457
0.99330,0.58283,share,5257,4.00741867986,11534,5839,8064
0.41662,0.25848,bake,2466,3.99756690998,5081,2505,3496
0.39228,0.01235,spaghetti,549,3.75227686703,920,462,599
0.92710,0.86511,small,10919,3.73101932411,20604,9739,13414
0.22901,0.11694,heres,827,3.55622732769,2396,1618,1580
0.45908,0.23437,beef,6023,3.84658807903,11481,5712,7744
0.70262,0.00932,pizza,9194,3.96660865782,14260,6841,9403
0.99984,0.99991,tried,31606,3.80225273682,56996,27863,36910
0.73899,0.94401,huge,8430,3.92301304864,15867,7872,10731
0.92030,1.00000,one,36504,3.76528599606,71279,38139,47264
0.91780,0.96192,person,6912,3.71657986111,14408,7661,9315
0.88451,0.99333,awesome,10632,4.26401429646,17397,8648,11771
0.99507,0.99961,better,15199,3.48358444635,28105,14777,17771
0.90173,0.49049,sauce,13039,3.79676355549,24699,11828,16194
0.86998,0.99379,thats,9140,3.63140043764,20646,12735,14273
0.27310,0.03681,box,1781,3.53958450309,3754,2238,2543
0.62937,0.99181,part,5929,3.65457918705,12723,6980,8517
0.92208,0.99999,take,15208,3.69509468701,32689,18187,21635
0.76099,0.86647,home,8478,3.83864118896,17684,9795,12337
0.16065,0.63817,door,4956,3.6898708636,11164,6479,7501
0.99945,1.00000,great,46531,4.06292579141,67359,29780,43443
0.99035,0.99999,thing,18551,3.70352002587,38562,21457,25766
0.54443,0.92574,seriously,3916,3.68947906027,9696,6271,6648
0.21606,0.38182,issue,2154,3.39507892293,4375,2361,2559
0.99719,0.99998,loved,30743,4.15977620922,52958,26914,36867
0.82192,0.00000,gyro,709,4.00423131171,1108,506,748
0.94625,0.55850,plates,7792,3.66350102669,15589,7617,9924
0.57022,0.18510,rice,5967,3.74627115804,11220,5346,7305
0.99915,1.00000,also,24615,3.91456429007,46554,22490,31080
0.00126,0.00092,dig,725,3.83862068966,1653,978,1222
0.05049,0.00024,candied,1050,4.03428571429,2586,1511,1851
0.50543,0.41558,selection,9005,3.98867295947,15320,7305,10334
0.01348,0.00270,dog,2449,3.98162515312,5046,2896,3449
0.12407,0.51594,parking,7079,3.84432829496,14153,7870,9703
0.05306,0.22498,convenient,1188,3.72053872054,2356,1244,1634
0.05853,0.11454,surroundings,1128,3.8554964539,2577,1440,1758
0.72280,0.99880,lot,13933,3.75489844255,25711,13277,16917
0.60009,0.12123,desert,2572,4.0633748056,4763,2245,3192
0.00099,0.00056,field,541,4.0,1178,682,860
0.98980,0.86284,wonder,7650,4.11385620915,14621,7477,10112
0.47989,0.40738,job,2521,3.73542245141,5101,2737,3251
0.50734,0.93659,keep,5642,3.80113434952,11763,6266,7770
0.23308,0.31423,clean,5694,3.8526519143,10876,5661,7210
0.00939,0.01610,shade,543,4.00552486188,1239,651,885
0.70983,0.94862,find,11863,3.81589817078,23898,12914,16257
0.13588,0.01110,canned,476,3.13445378151,1194,799,758
0.56464,0.52349,location,9997,3.82534760428,17741,8353,11511
0.62018,0.94880,area,11528,3.83440319223,20360,9280,13388
0.82820,0.99762,let,7145,3.62673198041,16853,10276,11365
0.23788,0.70141,run,4320,3.65902777778,9657,5598,6396
0.01016,0.22809,playing,4050,3.83901234568,8549,5301,6285
0.51463,0.28152,general,2229,3.65679676985,4646,2546,3088
0.75879,0.41210,manager,4590,3.16753812636,9694,4878,5350
0.19662,0.10135,details,996,3.95481927711,2471,1160,1663
0.68356,0.04903,rare,2258,3.85518157662,4455,2297,2923
0.26269,0.22386,speak,1486,3.54172274563,3368,1981,2182
0.28099,0.30469,treats,3151,3.91716915265,7304,3800,4877
0.10552,0.68507,guy,5611,3.57209053645,12607,8338,8483
0.25794,0.00329,respect,667,3.5892053973,1659,1047,1158
0.19562,0.31864,stated,1804,3.64190687361,4033,2205,2542
0.91928,0.99889,id,7130,3.54796633941,14993,8358,10024
0.98852,0.93005,surprised,5899,3.85794202407,11700,5689,7859
0.44451,0.92137,walked,9857,3.61174799635,21815,12520,14717
0.64799,0.89544,totally,4903,3.70528248011,10833,6299,7241
0.58923,0.44466,satisfied,2242,3.99776984835,4487,2163,2962
0.88276,0.97118,always,17753,4.10049005802,28015,13690,18651
0.99432,1.00000,say,17290,3.64297281666,35994,20617,23917
0.31311,0.07185,mistake,979,3.10112359551,2042,1015,1138
0.90480,0.94315,staff,14250,3.91978947368,22692,10444,14084
0.53758,0.60064,customers,5282,3.36766376373,10986,5398,6150
0.33976,0.47866,life,2595,3.92524084778,6423,4290,4726
0.75752,0.99865,put,6951,3.55646669544,15524,9139,10161
0.33027,0.15632,beautiful,4323,4.11635438353,9332,4936,6818
0.96164,0.99928,full,7845,3.84053537285,16754,9276,11604
0.04854,0.08018,window,1498,3.73431241656,3525,2071,2507
0.15563,0.37030,wall,3621,3.86771610052,8120,4578,5721
0.83620,0.99957,feel,12542,3.80338064105,25685,14063,17568
0.68253,0.88381,inside,7253,3.78615745209,14857,8006,10275
1.00000,0.74314,restaurant,23785,3.74589026697,41464,18999,25556
0.12993,0.34754,middle,2392,3.66178929766,5551,3388,3882
0.07878,0.00031,farm,908,4.07488986784,1755,799,1193
0.91486,0.99982,seemed,12026,3.44162647597,22962,11711,14641
0.62886,0.75604,fair,3607,3.58081508179,6783,3490,4516
0.00012,0.08260,secure,663,3.2036199095,1542,975,1063
0.79730,0.24136,reservations,3424,3.76547897196,7127,3125,4244
0.93539,0.99900,couple,7029,3.67847488974,14749,7779,9880
0.52599,0.99947,day,13720,3.84125364431,28771,15742,19814
0.20002,0.09438,sample,2475,4.05777777778,5823,3001,4270
0.32584,0.38284,sandwiches,9436,3.90144128868,16802,8388,11406
0.74096,0.30083,kitchen,3886,3.53602676274,8897,4514,5608
0.85978,0.94586,weeks,7087,3.94087766333,14114,6896,9477
0.96066,0.89112,impress,6068,3.65969017798,11478,5513,7537
0.99869,0.99999,enough,9997,3.73772131639,21107,11433,14210
0.99960,0.99585,eating,19361,3.75688239244,36737,19981,24371
0.33833,0.31952,crisp,1758,3.92377701934,4371,2312,3121
0.47252,0.31206,veggie,4338,3.86099585062,8554,4232,5772
0.99915,0.96698,disappoint,8164,3.39245467908,13246,5696,7421
0.94774,0.41595,salad,14254,3.88859267574,25584,11840,16679
0.23114,0.15322,orange,1986,3.88519637462,4390,2238,3016
0.65009,0.31549,slice,3686,3.73629951167,8832,4754,6170
0.99746,0.97857,started,9721,3.74004732023,21176,10942,13915
0.93597,0.99997,know,16788,3.67071717894,39137,24204,27186
0.99315,1.00000,much,18783,3.61076505351,37655,20326,24994
0.50267,0.07082,raw,955,3.41780104712,2041,1022,1251
0.32492,0.41607,pesto,1332,4.13438438438,2537,1130,1715
0.53904,0.07653,lamb,1365,4.04542124542,2604,1143,1693
0.66034,0.24417,pork,5743,3.9352254919,10185,4712,6601
0.99997,0.99725,service,34651,3.72849268419,52834,23819,31727
0.00020,0.12151,trail,410,4.24634146341,1055,629,791
0.75957,0.99706,long,9071,3.65262925808,19196,10379,12670
0.99575,1.00000,time,38996,3.77923376757,70662,36519,46498
0.65835,0.27939,received,2243,3.21845742309,4950,2375,2821
0.96992,0.62648,finished,4069,3.70140083559,8992,4631,5885
0.24655,0.30025,bother,1251,3.08553157474,2712,1528,1636
0.37023,0.24836,explain,1801,3.46418656302,4197,2097,2559
0.03736,0.15262,situation,955,3.30890052356,2415,1295,1493
0.40280,0.17295,apologized,1211,2.6779521057,2821,1411,1354
0.95226,0.99732,almost,6338,3.66724518776,13284,7200,8795
0.95854,0.97342,minutes,9191,3.22968120988,19664,10407,11786
0.69345,0.76093,later,3746,3.3344901228,8731,4805,5463
0.38428,0.37619,apparently,1772,3.22968397291,4376,2787,2773
0.58886,0.01407,chef,3382,3.93908929627,7268,3333,4745
0.99804,1.00000,really,31335,3.73042923249,58171,30349,38840
0.50552,0.67768,problem,3387,3.38529672276,7017,3676,4141
0.09438,0.01866,trouble,600,3.5,1327,707,840
0.82161,0.51997,glasses,5333,3.72698293643,12072,6219,8134
0.70215,0.03133,wines,9244,4.04489398529,17787,8246,11909
0.41283,0.26158,forgot,1427,3.36790469516,2939,1578,1869
0.59148,0.94067,bring,6484,3.79780999383,13412,7283,8940
0.45771,0.18134,requested,1716,3.53554778555,3856,1804,2450
0.95627,0.96112,offered,7612,3.70691014188,16322,7856,10700
0.21376,0.25793,lady,2245,3.60579064588,5274,3642,3764
0.95636,0.99999,way,15609,3.61041706708,33997,19389,22935
0.99738,0.99997,asked,12365,3.34346947028,26776,14220,16345
0.80691,0.51694,warm,4111,3.89783507662,9186,4723,6522
0.43237,0.10564,apples,1668,3.99040767386,3732,1938,2630
0.15508,0.14783,honey,1341,3.90454884415,2954,1584,2083
0.56683,0.09005,butter,3108,3.94208494208,7226,3861,4986
0.47156,0.38225,solid,2072,3.73745173745,4187,2284,2957
0.99571,0.99982,quite,7988,3.73059589384,15998,8237,10689
0.51918,0.83420,live,8914,3.97509535562,16859,8992,11727
0.59408,0.32979,meat,8181,3.77252169661,15414,7790,10064
0.35670,0.08953,tough,1093,3.24245196706,2240,1177,1398
0.94088,0.99322,maybe,7533,3.32045665737,15889,9306,10180
0.24692,0.20471,vegetarian,2733,3.9703622393,4849,2289,3152
0.96303,0.19398,dessert,7344,4.03104575163,14125,6393,9376
0.28197,0.16444,pear,717,4.11576011158,1556,796,1076
0.76724,0.03662,cake,3596,4.01307007786,7463,3859,5099
0.81871,0.92914,yet,5107,3.88584296064,11358,6027,7856
0.99221,0.99966,another,10062,3.42098986285,22122,11617,13974
0.33675,0.09739,tad,846,3.82624113475,1861,990,1382
0.99974,1.00000,definitely,14943,3.99136719534,23849,10503,15558
0.63962,0.57550,five,2914,3.83768016472,6520,3812,4502
0.98240,0.99989,star,13639,3.55385292177,27615,15258,18196
0.98094,0.92945,returning,5421,3.40306216565,11031,5260,6665
0.99997,0.96572,tasted,16624,3.60160009625,31705,16331,20422
0.72014,0.56014,bill,3107,3.13421306727,6517,3263,3658
0.98880,0.99527,two,13810,3.62787834902,30445,16680,20105
0.70361,0.74975,included,5040,3.87023809524,11705,5779,8013
0.57024,0.55155,tip,2976,3.45866935484,6640,3458,3998
0.39887,0.22566,drop,1874,3.42529348986,4492,2603,2925
0.15677,0.54408,drive,4119,3.85384802136,8330,4613,5778
0.92911,0.75040,ate,4491,3.69672678691,8660,4721,5733
0.95997,0.99887,next,12093,3.775159183,24845,13548,16790
0.35275,0.35150,cute,3284,3.83069427527,6509,3649,4692
0.99858,0.99994,little,22267,3.82215835092,43148,22973,29659
0.47656,0.23735,green,6070,3.91696869852,13076,6522,9021
0.08521,0.26359,buildings,2514,3.80270485282,5528,2775,3874
0.69934,0.96926,may,5322,3.69823374671,12405,7131,8733
0.64398,0.43684,gone,2574,3.47707847708,5191,2790,3276
0.01421,0.19547,rd,760,3.64078947368,1683,912,1157
0.06860,0.26694,avoid,1429,3.33030090973,3089,1857,1910
0.40155,0.92930,turn,3979,3.46619753707,9292,5697,6268
0.29589,0.00553,onto,837,3.67144563919,1999,1272,1409
0.32386,0.04591,th,2294,3.86094158675,6022,3332,4323
0.26246,0.58292,street,3936,3.77413617886,8143,4429,5491
0.15189,0.00646,grand,652,3.6717791411,1668,913,1155
0.51999,0.89519,open,8921,3.78668310727,19911,10376,13462
0.30703,0.30770,sign,2624,3.52286585366,5843,3325,3714
0.20752,0.04698,caught,607,3.57166392092,1423,876,1022
0.42961,0.49978,eye,2400,3.61875,6210,4187,4390
0.70963,0.41625,yelp,4359,3.8056893783,10595,5927,7547
0.74975,0.86782,new,10776,3.893281366,22372,11590,15172
0.09339,0.53243,easy,3162,3.9247311828,6259,3410,4487
0.77823,0.52594,decor,6973,3.80553563746,13113,6427,8852
0.27008,0.20130,smell,2082,3.59702209414,4376,2701,2940
0.99982,0.63637,dinner,12946,3.85964776765,23606,10538,15114
0.71664,0.98063,see,13284,3.65289069557,30118,17288,20677
0.47897,0.24248,varieties,3500,4.01857142857,6398,2923,4441
0.46588,0.32788,pepper,3404,3.85752056404,7499,3819,5235
0.51340,0.10175,wrapped,2571,3.90820692338,5337,2719,3744
0.46660,0.12920,banana,1399,4.12080057184,2829,1315,1886
0.74294,0.98611,leave,5333,3.51659478717,11964,6909,7581
0.26062,0.09767,difficult,1257,3.63325377884,2444,1184,1497
0.44253,0.33175,choose,2904,3.96005509642,6193,3068,4294
0.91460,0.95094,far,6255,3.84652278177,12170,6275,8051
0.19788,0.03984,la,2098,3.86510962822,4733,2538,3158
0.90649,0.27974,shrimp,4616,3.84987001733,8402,3904,5470
0.06517,0.28455,tacos,5256,3.80840943683,8600,4109,5429
0.97326,0.64276,flavor,14366,3.81630238062,26689,12522,17450
0.85696,0.67386,bite,4586,3.76624509376,10985,5925,7553
0.66391,0.14269,delightful,1854,4.25134843581,4904,2913,3800
0.09941,0.04312,salsa,3981,3.72569706104,7140,3435,4657
0.54363,0.54006,bar,16965,3.77035072207,32030,17009,21424
0.10894,0.00002,stock,695,3.93237410072,1537,942,1124
0.59528,0.61675,excites,3101,3.4085778781,6847,3482,4318
0.28267,0.09562,strawberry,1518,4.05401844532,3393,1813,2430
0.41345,0.53792,hot,9038,3.84543040496,17646,9560,11993
0.67928,0.91700,fact,4630,3.63606911447,11041,6473,7588
0.83472,0.98076,big,10691,3.75830137499,21319,11601,14698
0.06920,0.14244,throw,1140,3.55263157895,2876,2083,2079
0.01552,0.04794,pecan,740,4.18513513514,1692,853,1210
0.32019,0.05867,fruit,2141,3.96403549743,4579,2244,3166
0.75630,0.82453,yummy,4767,4.16530312566,7559,3561,5283
0.11389,0.01095,wins,767,3.98044328553,1660,1031,1224
0.00709,0.09348,art,1793,4.13608477412,3891,2064,2909
0.07098,0.45725,folks,1609,3.73523927906,3895,2390,2812
0.16831,0.77488,theres,4542,3.80735358873,10239,6088,7097
0.06202,0.00519,paint,666,3.73573573574,1732,1178,1358
0.00206,0.37784,hanging,2855,3.85183887916,5784,3506,4264
0.04802,0.05074,artist,522,4.21264367816,1207,606,902
0.05769,0.15828,luckily,891,3.64197530864,2176,1161,1484
0.00418,0.08492,traveled,1279,3.82095387021,2557,1309,1730
0.96136,0.99999,making,22839,3.817986777,46826,25949,31653
0.00000,0.00250,connected,547,3.51371115174,1056,633,723
0.08011,0.00000,flights,929,3.40043057051,1886,1082,1226
0.90973,0.73855,thank,4557,3.91200351108,11189,6778,8009
0.01696,0.11632,employees,1767,3.42275042445,3526,2011,2152
0.89496,0.99858,kind,8304,3.65883911368,17155,9643,11658
0.69206,0.84561,hoping,4838,3.37370814386,11215,6016,7240
0.46386,0.64716,phoenix,11193,4.05682122755,20973,10349,14555
0.41549,0.28708,longer,1651,3.44639612356,3719,1908,2351
0.80498,0.54934,happy,12823,3.92529049364,22214,10816,14902
0.66921,0.66950,hour,14159,3.71890670245,26082,13143,16889
0.75646,0.03330,sake,916,3.7096069869,1981,1283,1412
0.90192,0.92681,atmosphere,12588,3.97998093422,18406,7519,11680
0.67863,0.64417,incredibly,3211,4.20180629088,6217,3065,4281
0.97255,0.99802,nice,22857,3.80776129851,38690,18416,25408
0.98642,0.99999,right,13808,3.80800984936,29640,16545,20251
0.80035,0.99666,needed,11445,3.65163826999,24496,14139,16255
0.68474,0.95491,spot,8101,3.97531168991,15726,7964,11056
0.88102,0.99662,especially,5984,3.82235962567,11309,5430,7445
0.40935,0.56170,planning,2744,3.84985422741,6001,3091,4135
0.77367,0.92274,wish,5142,3.87145079736,9855,4932,6669
0.46768,0.51703,unique,3668,4.12568157034,6545,2807,4496
0.77820,0.92066,care,4961,3.64140294296,10567,5940,6909
0.06152,0.05216,craft,757,4.18494055482,1565,718,1082
0.05486,0.22237,featuring,1319,3.98483699773,2958,1503,2039
0.18516,0.00005,belly,912,4.13706140351,1886,1030,1318
0.16382,0.08083,bun,1896,3.69883966245,3905,1998,2574
0.25538,0.37841,man,2648,3.80777945619,6792,4830,4944
0.16388,0.01263,owns,1152,4.04427083333,2261,1119,1507
0.04286,0.00048,store,3630,3.77217630854,7294,4494,5199
0.89140,0.58294,sweet,10072,3.9577045274,21294,11043,15084
0.45302,0.44014,perhaps,1794,3.36789297659,4696,2811,3353
0.30294,0.09449,cookie,1965,4.10432569975,3900,2121,2724
0.44986,0.33267,iced,6378,3.89698965193,13127,6813,9111
0.10289,0.21560,giant,1380,3.86449275362,3101,1878,2202
0.60351,0.31938,creamed,5806,3.98002066827,11943,6016,8301
0.72973,0.97219,super,6538,3.99892933619,11382,5821,7586
0.16570,0.24606,cheap,4046,3.75111220959,7218,4117,4870
0.43156,0.53515,basically,2717,3.47589252852,5683,3048,3498
0.21361,0.05653,oven,1013,3.95755182626,2298,1048,1597
0.83716,0.76845,choice,5847,3.84641696597,11224,5357,7500
0.53257,0.67873,along,3119,3.86950945816,7348,4212,5331
0.60144,0.00189,roll,6949,3.72758670312,12431,6785,8217
0.62948,0.99965,around,12669,3.70108137975,26217,14294,17566
0.00231,0.00056,cash,1302,3.56144393241,2946,1558,1784
0.20489,0.12092,cards,1923,3.41081643266,4505,2520,2766
0.00970,0.23760,credit,1001,3.13986013986,2384,1266,1326
0.00051,0.03887,accept,876,3.30365296804,2103,1160,1265
0.25050,0.34566,limited,1983,3.65002521432,3721,1936,2416
0.91682,0.39953,chicken,15484,3.86779901834,26893,13266,17770
0.99024,0.99993,last,11464,3.69670272156,23769,12567,15863
0.72546,0.25804,tomatoes,4515,3.91162790698,10187,4960,7033
0.53159,0.02157,basil,1618,4.06798516687,3379,1676,2393
0.48172,0.19170,soup,5396,3.84025203855,9765,4558,6406
0.92853,0.98947,every,11449,4.05677351734,23181,12697,16101
0.55425,0.47717,rate,3205,3.43213728549,5827,2960,3496
0.14295,0.00016,deli,817,3.88249694002,1611,914,1165
0.03739,0.04398,shopping,5223,3.96304805667,10788,6157,7656
0.13650,0.51459,space,3244,3.76911220715,7718,4238,5553
0.27116,0.04778,multiple,934,3.75802997859,1891,973,1248
0.00942,0.01716,book,2293,3.8569559529,4944,2571,3462
0.49191,0.93753,worked,10477,3.74735134103,22114,11980,14985
0.35456,0.41989,available,2326,3.76268271711,4910,2344,3200
0.98612,1.00000,though,11732,3.64967609956,21986,11740,14633
0.51198,0.41782,style,4274,3.88605521759,8368,4404,5733
0.58679,0.21969,chose,1598,3.76282853567,4374,2214,3116
0.12345,0.09494,design,1619,3.77640518839,3800,2130,2708
0.20489,0.11974,hes,873,3.87056128293,2224,1536,1644
0.23313,0.51982,conversations,2091,3.6944045911,4423,2418,2971
0.46159,0.77534,read,4463,3.6139368138,10438,5857,7019
0.34973,0.36280,continue,1714,3.56359393232,3966,2236,2557
0.87449,0.74903,done,4496,3.63078291815,9698,4931,6124
0.32553,0.00175,professionally,1073,3.93476234856,2330,1203,1484
0.55248,0.03560,informed,1397,3.37866857552,3192,1643,1840
0.37035,0.27816,combination,2465,4.0523326572,5401,2828,3879
0.57694,0.82599,town,7404,3.98514316586,13308,6485,9029
0.91091,0.96426,found,7334,3.80051813472,15049,7912,10382
0.71520,0.18084,outstanding,2085,4.27482014388,3282,1307,2132
0.99854,0.99996,went,17754,3.61225639293,31142,15171,19545
0.71987,0.79514,night,16602,3.7904469341,32010,16471,21475
0.51828,0.54938,exactly,2547,3.74911660777,5936,3339,4070
0.45453,0.85493,happened,3441,3.4010462075,8432,5110,5618
0.16738,0.51690,bartenders,3665,3.61637107776,7225,4229,4874
0.70582,0.83360,helps,7216,3.86280487805,14020,7272,9348
0.21037,0.03412,introduced,738,4.12601626016,1640,939,1170
0.66861,0.92880,whole,5517,3.68950516585,12494,7496,8661
0.05898,0.39710,bunch,1476,3.64295392954,3570,2248,2531
0.85776,0.86947,large,7350,3.82789115646,14253,6860,9416
0.94501,0.80793,side,12759,3.78517125167,25898,13044,17141
0.32440,0.15014,lettuce,1936,3.54597107438,4278,2225,2806
0.34245,0.28513,bacon,3920,3.91836734694,8266,4242,5680
0.99047,0.83588,top,11751,3.91166709216,24245,12650,16508
0.54957,0.67726,cold,3711,3.32471032067,7219,3769,4463
0.12494,0.18101,tap,1797,3.86087924318,3494,1859,2398
0.34820,0.32764,following,1747,3.80251860332,4488,2839,3206
0.21976,0.13598,vodka,828,3.84299516908,2001,1232,1497
0.04113,0.00684,game,3252,3.76537515375,5431,3042,3725
0.99898,1.00000,first,17485,3.73325707749,34855,18113,23169
0.56416,0.42575,fabulous,2151,4.27708042771,4052,2145,2981
0.68130,0.72105,mixed,4866,3.78853267571,9742,4860,6779
0.12486,0.00399,bands,1393,3.75735821967,2592,1587,1868
0.14975,0.09691,catch,1160,3.75603448276,2384,1381,1671
0.00005,0.00268,performance,467,3.75374732334,1183,721,903
0.59043,0.79710,notices,3427,3.44353662095,8393,4561,5521
0.99632,0.99997,since,11721,3.72092824844,24104,12299,15966
0.52453,0.63916,typical,3113,3.77128172181,5778,2803,3807
0.20418,0.04581,spoke,382,3.21204188482,863,404,448
0.35634,0.38482,welcoming,2134,4.06560449859,4617,2215,3171
0.44627,0.51024,forward,2272,3.85387323944,5010,2508,3519
0.97423,0.98565,worth,9864,3.88584752636,16821,8044,10592
0.79792,0.31662,die,2525,4.33188118812,4083,2085,2784
0.80917,0.97642,tell,5611,3.55480306541,13786,8318,9075
0.99775,0.99491,experience,13084,3.67135432589,24462,11617,15125
0.99474,0.99999,could,16800,3.58678571429,36123,20267,24049
0.65648,0.95695,less,4745,3.50642781876,9707,5093,6134
0.95343,0.72651,sat,5167,3.50145151926,10649,5392,6699
0.72969,0.59334,wow,2903,3.96693076128,5585,2731,3640
0.83329,0.93123,told,5412,3.16315594974,12728,6692,7536
0.92299,0.99131,left,5981,3.2613275372,13146,7103,8085
0.57086,0.43450,hungry,2427,3.56118665019,5326,2889,3584
0.48100,0.13192,owner,4868,3.90838126541,10259,4783,6394
0.53526,0.07195,value,1728,3.75347222222,3061,1438,1897
0.99268,0.68140,specials,10834,3.83736385453,19453,8920,12478
0.22669,0.23406,negative,1204,3.69352159468,2271,1119,1336
0.87653,0.92190,several,5221,3.64987550278,10600,5247,6822
0.49059,0.22794,overpriced,1801,2.6901721266,3022,1738,1553
0.89140,0.95709,wont,5076,3.38731284476,10442,5534,6412
0.26116,0.35997,unless,2019,3.36899455176,4264,2610,2759
0.13403,0.38853,afternoon,2098,3.79837940896,4258,2323,3143
0.48859,0.36936,empty,2343,3.14767392232,5079,2834,3170
0.57779,0.29901,brunch,2249,4.03334815474,4271,2007,2945
0.38589,0.23819,mood,1662,3.87244283995,3328,1764,2324
0.91935,0.58698,lunch,13575,3.86578268877,22993,11049,15409
0.83625,0.72669,except,3561,3.64392024712,6784,3701,4460
0.47371,0.01535,hubby,1071,3.91690009337,1625,684,1009
0.93063,0.75566,remembered,4373,3.87697233021,9527,5697,6814
0.33862,0.00505,oz,809,3.72187886279,1703,827,1092
0.39869,0.25020,bottles,3632,3.85655286344,8055,4434,5486
0.16018,0.27471,hey,1233,3.61232765612,3306,2505,2545
0.36875,0.19798,wings,1859,3.86928456159,2879,1514,1882
0.99929,0.99981,bit,13089,3.7520055008,24647,12013,16308
0.25496,0.18094,hesitation,676,3.98816568047,1391,690,962
0.64115,0.20181,seasoned,3745,3.86648865154,7413,3592,4941
0.60517,0.31085,crispy,3060,3.96437908497,6871,3468,4789
0.94424,0.38365,cooked,8154,3.760976208,15862,7521,10019
0.82883,0.99964,actually,8953,3.57556126438,20100,11691,13456
0.17478,0.42701,damn,1885,3.87639257294,5003,3579,3777
0.63333,0.14533,spicy,6194,3.9163706813,11088,5405,7476
0.54755,0.17683,salty,1920,3.49166666667,3859,2002,2548
0.00869,0.29604,hint,938,3.76865671642,2353,1202,1644
0.41615,0.36713,kick,2000,3.8705,4269,2531,3059
0.05544,0.00005,frankly,763,3.54914809961,1771,933,1172
0.81481,0.17159,cut,3021,3.5534591195,6771,3703,4330
0.23567,0.35315,otherwise,1485,3.53872053872,2998,1679,1870
0.73246,0.17664,fish,5006,3.75189772273,9095,4275,5694
0.63623,0.32982,dried,3581,3.13739179,7363,3718,4520
0.46022,0.70756,pick,4580,3.72991266376,9875,5566,6729
0.13968,0.10390,almonds,652,4.12883435583,1470,693,1052
0.17012,0.60598,trip,3519,3.92071611253,6818,3707,4690
0.82295,0.77054,okay,3734,3.17273701125,6679,3811,4013
0.16172,0.02745,grew,576,3.90972222222,1291,724,947
0.31690,0.07992,shock,880,3.38522727273,1985,1187,1261
0.36482,0.64480,saw,3834,3.51251956182,8822,5199,5872
0.34088,0.44686,world,2811,4.07790821772,6315,3825,4628
0.39579,0.52785,stuff,3972,3.80941591138,8434,5101,5929
0.83581,0.65807,cheese,14093,3.89704108423,28746,14566,19801
0.20446,0.44036,met,1648,3.84526699029,4320,2603,3264
0.35838,0.09622,yesterday,1055,3.70995260664,2220,1100,1506
0.60425,0.65248,water,5625,3.53155555556,11880,6407,7394
0.50108,0.58450,patio,8161,3.87954907487,15129,7415,10370
0.33868,0.15906,dark,2470,3.75384615385,5279,2851,3690
0.66087,0.94651,guess,4506,3.27563249001,9737,5928,6395
0.47864,0.43281,reminded,2427,3.68850432633,5543,3219,4005
0.22821,0.02769,till,581,3.76592082616,1187,655,787
0.25057,0.20303,chips,5492,3.72050254916,10167,5079,6843
0.99817,0.99014,serve,12955,3.70065611733,27157,13824,17989
0.50407,0.73192,anyway,2849,3.55703755704,6400,4147,4430
0.34531,0.07648,complimentary,1042,3.93666026871,2266,989,1513
0.10213,0.28980,bean,5311,3.86254942572,10432,5177,6913
0.21185,0.11630,sour,1457,3.58270418668,3052,1614,2062
0.43560,0.15774,lime,1039,3.97593840231,2367,1173,1622
0.40408,0.14006,lemon,1470,3.90476190476,3559,1828,2462
0.96927,0.99673,anything,7253,3.59575348132,14668,7786,9318
0.55383,0.00018,stew,630,3.89682539683,1354,636,937
0.50433,0.41488,mac,2139,3.96774193548,4058,2005,2616
0.65753,0.64450,knew,2834,3.80098800282,7115,3992,4908
0.38004,0.24139,gotten,1344,3.59151785714,2592,1287,1614
0.18792,0.06596,contact,450,2.74444444444,997,538,502
0.61893,0.68154,ago,3602,3.75596890616,7326,3918,4984
0.10607,0.10013,website,833,3.62665066026,1937,928,1239
0.56539,0.92169,call,6713,3.56487412483,15893,9336,10600
0.06617,0.01842,cheerfully,539,4.05565862709,1106,688,832
0.60999,0.64913,four,3956,3.72901921132,8353,4499,5626
0.12493,0.18036,separation,1250,3.6192,2749,1437,1786
0.03118,0.01189,patient,582,3.85738831615,1364,740,910
0.26934,0.05926,enter,1418,3.68688293371,3753,2229,2649
0.98384,1.00000,think,18524,3.62194990283,39487,22337,26410
0.96395,0.93204,overall,5628,3.57871357498,8476,3697,5040
0.92040,0.99998,still,12652,3.66621877964,25603,13893,16796
0.15840,0.33591,tend,1216,3.89144736842,2305,1156,1516
0.12090,0.30317,sucks,1743,3.01778542742,4008,2905,2606
0.12038,0.05624,club,1842,3.65309446254,3482,2180,2309
0.11640,0.01894,fly,950,3.35894736842,2009,1257,1292
0.35822,0.00366,southwest,641,3.81591263651,1325,708,937
0.85935,0.99791,least,6255,3.49944044764,13309,7601,8623
0.16637,0.00560,neat,672,3.8125,1208,562,815
0.03210,0.00102,history,550,3.94909090909,1300,631,953
0.38198,0.17637,appeared,1577,3.3589093215,3673,2070,2363
0.39396,0.31829,family,5469,3.99286889742,9589,4720,6204
0.14110,0.00005,u,398,3.70603015075,607,376,396
0.66439,0.01838,ribs,3215,3.91477449456,5181,2147,3102
0.14539,0.00794,cats,264,3.81439393939,662,536,525
0.51254,0.00102,mashed,1631,3.93010423053,3226,1494,2070
0.66449,0.35138,potatoes,7600,3.87394736842,14698,6846,9657
0.65213,0.09904,stuffed,2391,4.0669176077,5003,2503,3530
0.21207,0.21900,homemade,2110,4.19194312796,4304,2017,2966
0.35914,0.10820,pie,2165,3.96535796767,4413,2249,3055
0.36942,0.42926,etc,2893,3.74766678189,5817,2789,3659
0.76387,0.81330,miss,4473,3.76570534317,8810,4533,5863
0.45487,0.00000,prime,1041,3.88856868396,2040,977,1306
0.72290,0.95362,might,5183,3.61817480224,11284,6697,7659
0.52405,0.08020,garlic,2810,3.96334519573,5642,2697,3852
0.99651,0.98150,favorites,12913,4.29830403469,21609,9589,14816
0.80325,0.52920,course,5381,3.91451403085,12037,6418,8342
0.22665,0.07143,n,1470,3.92721088435,3147,1826,2203
0.84230,0.98353,check,9202,3.61030210824,18984,9568,12312
0.03100,0.14100,car,2171,3.69276830953,5369,3634,3964
0.03973,0.00024,buy,2712,3.7087020649,5993,3855,4136
0.77978,0.87025,wrong,4444,3.48514851485,9094,4922,5659
0.44010,0.70526,move,4167,3.80177585793,8694,4915,5930
0.07166,0.08533,biggest,871,3.56486796785,1740,1010,1158
0.39085,0.28389,girlfriend,1592,3.77072864322,2787,1616,1770
0.45810,0.03182,oil,1822,3.76234906696,4234,1959,2834
0.00375,0.00001,rip,437,2.93135011442,1032,659,566
0.07749,0.01317,lying,509,3.45186640472,1373,889,927
0.98038,0.98198,without,6426,3.77170868347,13516,7240,9016
0.18112,0.28675,fixings,1449,3.55900621118,2898,1522,1761
0.00342,0.00013,brand,695,3.66762589928,1701,1027,1193
0.00041,0.08363,tired,715,3.48531468531,1618,1053,1083
0.99056,0.00000,pad,1053,3.74264007597,1559,770,1030
0.37662,0.12695,worst,1587,2.05923125394,3409,2073,1675
0.57784,0.70733,changed,4357,3.68166169383,8967,4608,5862
0.47107,0.61537,months,3759,3.87948922586,7668,3870,5044
0.31317,0.41995,somewhere,1637,3.33903481979,3585,2079,2298
0.36439,0.25061,burger,8345,3.81042540443,14136,7095,9224
0.11576,0.68003,fun,7543,3.98197003845,13038,7035,9169
0.08825,0.00706,displayed,741,3.84480431849,1686,980,1216
0.21077,0.79167,cool,8391,3.85770468359,16706,9390,12103
0.30331,0.00003,fashion,1047,3.76695319962,2403,1567,1679
0.57059,0.80118,real,4880,3.77254098361,10041,5716,6876
0.06602,0.47975,vibe,2601,3.96847366398,4809,2364,3436
0.12230,0.01866,sugar,1488,3.79301075269,3738,2209,2677
0.42823,0.10717,bowls,3309,3.75853732245,6917,3771,4746
0.38430,0.06707,smaller,1326,3.70512820513,2697,1237,1685
0.80683,0.99259,busy,10246,3.61643568222,19288,9248,11834
0.25986,0.45280,matter,1845,3.66449864499,4004,2318,2681
0.04848,0.00000,scooped,737,3.81546811398,1916,1093,1372
0.20635,0.01037,brownie,623,3.99036918138,1368,729,947
0.21107,0.00003,whipped,823,4.01822600243,2042,1053,1396
0.27233,0.02977,caramelized,1332,4.13363363363,3198,1672,2325
0.23982,0.34353,ton,2602,3.89239046887,4841,2476,3241
0.98103,0.98808,different,9446,3.80393817489,18308,8953,12016
0.43212,0.62031,sounded,3329,3.69990988285,7831,4564,5507
0.71482,0.32529,rushed,1897,3.62941486558,3846,1903,2432
0.24619,0.06573,healthy,2093,4.04013377926,3647,1861,2427
0.99993,0.99967,recommendation,11679,4.05890915318,17759,7027,10909
0.98590,0.99729,highly,9106,3.82429167582,16514,8272,10592
0.75157,0.75524,believe,3492,3.78407789233,8053,4689,5453
0.34049,0.36222,onions,4811,3.86572438163,10604,5275,7389
0.29433,0.00000,tartness,715,3.99160839161,1799,976,1305
0.51320,0.06585,starter,874,3.99084668192,1750,761,1147
0.51495,0.03296,noodle,2583,3.80952380952,4413,2095,2869
0.99690,0.17845,dish,11702,3.78721586054,21602,9607,13565
0.99380,0.99998,never,15292,3.68728747057,30049,16311,19319
0.00000,0.00000,yoga,162,4.03703703704,427,271,308
0.49995,0.03838,chopped,2019,3.90242694403,3975,1905,2623
0.99676,0.99374,table,15982,3.54536353398,32420,16085,20683
0.73804,0.40080,date,4202,4.04140885293,8108,4384,5723
0.40175,0.71781,sometimes,3420,3.91871345029,6672,3796,4638
0.36704,0.43642,true,2237,3.90835940992,4837,2785,3347
0.65922,0.97852,mean,5179,3.54991311064,13033,8533,9143
0.75593,0.64830,given,2857,3.36576828841,6245,3165,3797
0.26811,0.00000,yellow,722,3.77146814404,1457,807,1032
0.42920,0.00000,curry,2093,3.92785475394,3408,1518,2299
0.37405,0.17220,authenticity,2866,3.94591765527,4510,2091,2930
0.74854,0.80130,name,5155,3.807371484,12229,7250,8557
0.27902,0.02682,downtown,3572,3.8866181411,7406,3614,5252
0.65606,0.58496,consisted,3319,3.817414884,6328,3108,4126
0.05804,0.00014,dim,1078,3.79406307978,1943,1017,1289
0.34831,0.62223,forget,2085,3.951558753,4332,2434,3038
0.01887,0.12005,sun,1411,3.96669029057,3188,1787,2354
0.10133,0.14403,summer,1890,4.01798941799,3631,1771,2543
0.62800,0.75546,years,9680,3.86084710744,18421,9886,12362
0.59092,0.92619,stopped,7773,3.83288305673,14841,8138,10183
0.53167,0.69882,entirely,3305,3.68139183056,7699,4244,5154
0.34339,0.38040,casual,2067,4.05902273827,3607,1524,2471
0.02824,0.00000,native,493,4.04868154158,1112,570,802
0.72365,0.78695,felt,4406,3.48388561053,9678,5423,6348
0.68816,0.27453,pricey,2881,3.84068031933,3889,1707,2454
0.61629,0.53183,normally,2785,3.72172351885,5707,3042,3881
0.89253,0.94307,fantastic,5929,4.32720526227,10294,4687,7121
0.80921,0.78160,gave,4272,3.46254681648,8916,4812,5604
0.53799,0.37501,together,2563,3.68045259462,5944,3409,4080
0.16594,0.19891,tortillas,2515,3.74433399602,5112,2642,3457
0.00789,0.36629,hash,874,3.78375286041,1611,800,1036
0.15198,0.16611,brown,1787,3.68158925574,3874,2135,2622
0.08332,0.20125,soda,1701,3.70605526161,3611,1962,2444
0.99174,0.99979,enjoyed,15497,3.92869587662,29262,14264,20136
0.16740,0.41462,yeah,1903,3.68208092486,4760,3466,3521
0.16437,0.28307,beers,10536,3.83807896735,17030,8920,11454
0.48347,0.28204,cocktails,2966,3.91436277815,6076,3025,4125
0.64328,0.44579,clear,2401,3.26655560183,5713,3322,3406
0.46032,0.00452,chain,2235,3.6451901566,3965,2156,2662
0.32251,0.11770,charming,1316,3.98784194529,3248,1897,2505
0.67288,0.70660,certainly,3053,3.612512283,6943,3854,4681
0.17474,0.22398,colored,1545,3.79741100324,3754,2196,2858
0.46506,0.38190,opinion,1805,3.57229916898,3618,1857,2342
0.53663,0.92342,close,6723,3.69418414398,13412,6870,8702
0.26448,0.07989,chewy,1024,3.5615234375,2199,1131,1482
0.45101,0.24323,sausage,2347,3.94503621645,4615,2171,3152
0.23329,0.15633,compliment,951,4.14721345952,2119,1108,1585
0.40624,0.29990,roasted,3117,4.08950914341,6949,3306,4819
0.55451,0.40552,red,5965,3.91634534786,13228,7135,9372
0.97454,0.78221,quality,6955,3.71229331416,12067,5426,7356
0.46412,0.06285,mozzarella,1328,4.10692771084,3031,1477,2111
0.10518,0.49647,comfortable,3910,4.04143222506,8175,3977,5656
0.01982,0.30522,nearby,1128,3.66578014184,1994,930,1238
0.19489,0.03395,disgusting,668,2.2874251497,1503,1018,790
0.37753,0.14550,daughter,1112,3.7940647482,1928,924,1216
0.34872,0.11176,interior,1548,3.81266149871,3302,1603,2293
0.50770,0.45571,simple,2999,3.86428809603,6459,3246,4452
0.24613,0.24283,positive,1273,3.21523959152,2739,1466,1633
0.26551,0.14353,created,1326,4.00754147813,3332,1815,2383
0.20271,0.12976,discount,776,3.6868556701,1607,822,993
0.98113,0.98836,expecting,8877,3.47144305509,16266,8040,9983
0.87589,0.67175,amount,3637,3.72999725048,7381,3722,4816
0.13621,0.66955,front,4393,3.54131572957,10587,6148,6977
0.54221,0.79907,already,3347,3.67792052584,8657,4915,5885
0.32788,0.00000,hello,544,3.64889705882,1456,1014,1052
0.80892,0.76586,soon,3599,3.89608224507,8563,4468,6015
0.63529,0.78182,options,5866,3.76934878964,11266,5416,7387
0.42019,0.81913,headed,4041,3.68869091809,9848,6237,6988
0.18594,0.04610,decisions,625,3.7232,1772,1035,1229
0.15944,0.03684,replaced,689,3.32220609579,1567,837,880
0.77359,0.41675,unfortunately,2485,3.07806841046,5080,2470,2966
0.28007,0.16729,boy,1794,3.82831661093,4322,2723,3089
0.89520,0.95885,although,5057,3.7547953332,9559,4641,6456
0.22429,0.04027,min,857,3.16686114352,1308,556,649
0.37149,0.41989,sorry,2025,3.01679012346,4978,3126,3017
0.25973,0.14928,future,1158,3.71588946459,2797,1495,1967
0.04411,0.03964,appointed,316,3.80696202532,656,314,421
0.35956,0.00882,six,921,3.76872964169,2235,1276,1555
0.58343,0.26227,mom,1958,3.91062308478,4652,2853,3448
0.36450,0.59499,understand,2502,3.23701039169,5377,2786,3121
0.65575,0.29445,ravioli,651,3.955453149,1262,549,821
0.03367,0.34460,alcohol,1404,3.73717948718,2865,1792,1987
0.11455,0.11696,beverages,1203,3.78470490441,2943,1715,2013
0.58974,0.51339,preferred,2774,3.79812545061,5258,2636,3554
0.34141,0.57442,agree,2099,3.51262505955,4286,2212,2818
0.95782,0.99534,nothing,8360,3.25203349282,16060,8494,9911
0.14984,0.12459,biscuits,713,3.70126227209,1286,614,816
0.31007,0.05837,healthful,501,3.4870259481,1100,728,742
0.22375,0.00747,calories,624,3.87820512821,1388,807,995
0.96569,0.48653,portions,7366,3.79527559055,11831,5141,7277
0.52172,0.80555,types,4186,3.74940277114,8761,4850,5974
0.81478,0.85277,fans,6553,3.88295437204,12374,6065,8378
0.72822,0.46135,ambiance,4206,3.92391821208,6619,2836,4154
0.56901,0.85592,rather,3471,3.33563814463,7129,3821,4405
0.66331,0.66543,glad,3133,4.07692307692,6231,3127,4335
0.91841,0.49148,eaten,3362,3.86644854253,5827,2838,3617
0.39433,0.28437,none,1375,3.44872727273,2990,1727,1957
0.62106,0.05599,steak,5098,3.8891722244,9226,4468,5874
0.40617,0.00530,par,805,3.28447204969,1401,695,812
0.32789,0.11649,seafood,1926,3.92419522326,3424,1389,2064
0.27145,0.28487,charge,2786,3.0032304379,5948,3071,3142
0.36755,0.41339,bucks,2135,3.62950819672,4551,2855,3060
0.42874,0.24582,thickness,1959,3.70086778969,4336,2407,3023
0.23548,0.45546,mostly,1798,3.51446051168,3555,1906,2309
0.30179,0.04082,fat,1267,3.59194948698,2937,2008,2005
0.41616,0.10649,similar,1475,3.61898305085,3113,1518,1989
0.20972,0.11012,baskets,830,3.77469879518,2066,1110,1462
0.25990,0.63638,old,7477,3.68396415675,15282,8949,10483
0.32979,0.54432,addition,2418,3.81720430108,5855,2737,3971
0.23814,0.30460,room,7543,3.78138671616,15768,8193,10520
0.30178,0.08928,nuts,1027,3.95034079844,2350,1342,1671
0.05029,0.00693,listen,973,3.65570400822,2449,1581,1724
0.36873,0.09852,range,1250,3.8808,2583,1212,1704
0.54673,0.73827,recently,3343,3.83278492372,7053,3459,4807
0.11830,0.00001,switch,679,3.63622974963,1474,707,965
0.36864,0.00186,began,514,3.53501945525,1485,896,1035
0.52612,0.64680,paying,5175,3.28985507246,10386,5807,6144
0.83333,0.90456,half,6210,3.54057971014,13098,7122,8563
0.87868,0.99075,must,6141,3.94805406286,11875,6694,8127
0.00000,0.00002,spacious,684,4.04824561404,1441,639,1039
0.00401,0.00000,produce,815,4.01717791411,2009,1200,1512
0.90909,0.61391,extremely,3367,3.68220968221,6605,3137,3995
0.99037,0.71213,attentive,5759,3.84129189095,10065,4615,6403
0.22370,0.13195,response,673,2.90490341753,1697,996,942
0.01660,0.04637,syrup,871,3.77611940299,2188,1216,1549
0.03771,0.18199,pancakes,1711,3.87668030392,3214,1441,2101
0.64233,0.38468,yum,2247,4.23542501113,3567,1654,2489
0.24504,0.79334,plenty,3923,3.88911547285,7479,3580,5122
0.01539,0.15102,fluffy,697,4.04734576758,1531,765,1097
0.64415,0.45479,house,6682,3.9118527387,13709,7068,9486
0.01138,0.16632,coffee,5945,3.93271656854,10647,5388,7259
0.05766,0.12953,cinnamon,954,4.04507337526,1984,1100,1402
0.00287,0.00523,landing,592,3.75337837838,1523,1059,1109
0.65339,0.02708,chocolate,4238,4.12647475224,9323,4847,6734
0.00326,0.00610,holiday,596,3.88087248322,1245,717,958
0.92320,0.99968,end,8215,3.60292148509,17727,9910,11733
0.01757,0.01002,floor,1951,3.52332137365,4636,2960,3229
0.22112,0.53054,smile,1681,3.86496133254,4058,2613,2983
0.19356,0.43738,faced,2134,3.62699156514,5680,4008,4031
0.00090,0.06282,target,206,3.37378640777,554,411,386
0.73819,0.46642,slightly,2691,3.77852099591,5902,3194,4054
0.51022,0.25548,bland,2728,2.68255131965,4609,2316,2497
0.30768,0.00000,squares,739,3.74830852503,1701,1036,1201
0.35624,0.01194,polite,1022,3.57729941292,1947,1088,1132
0.21584,0.31184,rocked,2550,3.98274509804,5461,3260,4003
0.11107,0.41758,within,1885,3.80954907162,4380,2505,2980
0.96462,0.67441,suggested,3852,3.8772066459,8448,4353,5835
0.20138,0.08958,fault,730,3.25205479452,1561,849,857
0.44909,0.03569,spice,2583,3.8389469609,5011,2411,3298
0.22755,0.00518,north,1450,3.86206896552,3092,1595,2059
0.03394,0.00002,salon,161,3.98757763975,393,171,257
0.52184,0.89504,hit,3965,3.81134930643,8340,4840,5958
0.14440,0.48537,counter,2688,3.63727678571,6404,3675,4357
0.25939,0.21497,turkey,1569,3.89420012747,2934,1542,2007
0.29816,0.00015,package,549,3.7868852459,1192,708,811
0.04835,0.11276,crap,919,3.12622415669,2421,1866,1618
0.52646,0.68567,regular,4995,3.88288288288,9481,4643,6279
0.54015,0.33094,fried,13110,3.79237223494,24285,12333,16136
0.11022,0.01368,rings,1194,3.69514237856,2487,1444,1708
0.20634,0.00742,gourmet,832,3.93269230769,1681,846,1137
0.00685,0.00006,clothes,785,3.54394904459,2009,1440,1316
0.18944,0.20229,affordable,1290,4.07364341085,2367,1254,1671
0.37083,0.02589,baby,1384,3.90317919075,3284,2169,2462
0.00024,0.00000,vintage,324,4.0,665,409,490
0.13320,0.00001,sale,666,3.67417417417,1572,1021,1062
0.23930,0.32455,break,1511,3.69953673064,3565,2139,2478
0.00000,0.00000,bank,415,3.78554216867,1025,549,688
0.09828,0.00033,carry,1079,3.7859128823,2300,1474,1644
0.02775,0.00861,products,1454,3.8136176066,3353,1794,2313
0.18438,0.55512,hate,2462,3.37936636881,6010,4090,4192
0.04108,0.31756,environs,1256,3.95541401274,2123,1040,1427
0.31426,0.02991,son,981,3.85728848114,1693,856,1062
0.12580,0.00189,island,522,3.89846743295,1078,727,816
0.21005,0.53189,kids,4899,3.73259848949,9605,6078,6365
0.13887,0.13777,young,1485,3.6101010101,3077,1985,2203
0.37447,0.37892,provided,1946,3.80575539568,4133,2070,2813
0.36540,0.20068,delivering,1626,3.55965559656,3518,1780,2210
0.38823,0.00012,crust,3135,3.92057416268,5936,2948,4046
0.28750,0.00772,thin,2395,3.73444676409,4735,2480,3228
0.07084,0.35751,behind,2521,3.56326854423,6099,3721,4100
0.81941,0.98259,hard,6500,3.564,12903,6903,8367
0.51582,0.82410,talking,4427,3.60808674046,10357,6050,6792
0.26302,0.19829,overwhelming,1156,3.65311418685,2342,1191,1521
0.54188,0.63436,interesting,4079,3.68202990929,7995,4135,5393
0.76092,0.66806,fine,3578,3.38289547233,7716,4359,4894
0.85390,0.99566,ill,7348,3.5944474687,16179,9637,11292
0.00874,0.01746,killer,681,4.16593245228,1403,729,980
0.30659,0.27790,neighborhood,2462,3.90982940699,4778,2218,3202
0.64916,0.80780,nearly,4440,3.61509009009,9602,5269,6410
0.06981,0.21486,pastries,1165,4.0652360515,2565,1237,1823
0.02889,0.33493,music,5750,3.83530434783,10270,5534,7246
0.07549,0.49264,watch,4993,3.74063689165,10222,6163,6988
0.10614,0.00047,cupcake,989,3.891809909,1993,1305,1475
0.34108,0.11129,creative,1228,4.01221498371,2285,1061,1537
0.06262,0.04860,market,1991,3.94927172275,4707,2752,3435
0.66879,0.12269,takeout,871,3.73823191734,1611,767,1017
0.24015,0.09725,bakery,724,3.90745856354,1570,850,1088
0.31066,0.29780,somewhat,1452,3.54201101928,2794,1453,1872
0.29857,0.19240,inviting,1369,3.95252008766,3002,1626,2130
0.06534,0.49288,meet,2778,3.83585313175,6588,3700,4787
0.27675,0.02730,concerned,793,3.40226986129,1723,862,1014
0.52720,0.66207,others,2938,3.67528931246,5775,2951,3750
0.02316,0.36892,whats,1322,3.63464447806,3189,2085,2248
0.10998,0.64398,grabbed,2825,3.72353982301,5941,3402,4171
0.54967,0.57765,deal,4560,3.69561403509,8985,4674,5689
0.11687,0.00651,join,646,3.77089783282,1962,1201,1417
0.30016,0.14849,corner,1922,3.75598335068,4437,2621,3168
0.14285,0.15277,quiet,1436,3.86699164345,2472,1237,1592
0.29007,0.47804,kinda,2042,3.57835455436,4082,2725,2824
0.17182,0.38316,crazy,2059,3.81495871782,4424,2753,3147
0.03040,0.00294,cheeseburgers,593,3.69477234401,1102,572,742
0.41108,0.14516,warned,1152,3.57725694444,2556,1493,1675
0.78073,0.83233,mention,3961,3.7313809644,8768,4621,5692
0.53987,0.24026,raved,1742,3.58208955224,3125,1550,1948
0.43659,0.24058,texturally,1822,3.74917672887,4076,1946,2729
0.50754,0.25256,grill,5478,3.87495436291,10955,5434,7249
0.20974,0.07768,slaw,644,3.77950310559,1234,602,784
0.52380,0.83809,handed,5008,3.80910543131,11506,6674,7806
0.40377,0.00693,medium,1728,3.60648148148,3327,1620,2142
0.17645,0.05972,woman,920,3.35108695652,2477,1722,1635
0.06279,0.00004,hamburger,722,3.67451523546,1321,668,843
0.07346,0.09565,pile,744,3.48521505376,1840,1215,1279
0.00013,0.02547,shredded,848,3.55188679245,1795,989,1196
0.19785,0.00730,mild,930,3.70860215054,1888,1023,1314
0.28093,0.18572,cheddar,773,3.97412677878,1945,1000,1392
0.11155,0.16410,pickled,1189,3.85870479394,2744,1405,1950
0.48539,0.09083,overcooked,1013,2.84402764067,1831,875,996
0.55038,0.14545,melted,2075,4.0578313253,4413,2091,3054
0.75002,0.64765,resting,3045,3.59638752053,6906,3879,4637
0.73225,0.61742,added,2987,3.76364245062,6606,3183,4263
0.40752,0.22162,salt,2206,3.58386219402,4759,2480,3027
0.20294,0.04466,juicy,1594,4.1373902133,3302,1737,2387
0.16169,0.06763,mayo,887,3.70124013529,2108,1165,1434
0.51145,0.27029,dipping,3373,3.86955232731,6864,3346,4675
0.04282,0.05898,requires,676,3.5325443787,1571,912,1022
0.15703,0.00030,edge,645,3.62790697674,1856,1150,1295
0.13029,0.45092,standing,3083,3.41615309763,7130,4360,4649
0.07173,0.23872,original,2100,3.83428571429,4160,2123,2785
0.44320,0.55281,realizing,2125,3.42117647059,5231,3343,3621
0.84156,0.01621,presentation,2318,3.71052631579,4863,2418,3144
0.09617,0.12286,effort,708,3.43361581921,1617,926,1066
0.99322,0.99989,however,7358,3.43150312585,13887,6956,8619
0.03192,0.12348,sip,808,3.90965346535,2235,1350,1755
0.45491,0.42042,stick,2206,3.51722574796,4517,2635,2887
0.51807,0.63580,note,2715,3.69723756906,6606,3508,4459
0.23992,0.31226,fast,3950,3.88658227848,6264,2915,4054
0.20127,0.07989,sick,656,2.95884146341,1353,899,876
0.72094,0.00767,sushi,5268,3.68337129841,7419,3525,4541
0.37324,0.06764,blah,424,2.76179245283,908,624,572
0.13352,0.00165,vs,577,3.84748700173,895,505,603
0.71958,0.51276,based,2657,3.57320286037,5364,2802,3471
0.05154,0.00681,sell,1313,3.70297029703,2890,1756,2019
0.40378,0.29145,low,1869,3.62974852862,3909,2188,2544
0.10142,0.01817,gonna,813,3.69249692497,2049,1545,1508
0.39665,0.34008,cost,2176,3.42555147059,4306,2300,2605
0.06600,0.14436,somehow,828,3.62801932367,2069,1324,1488
0.57469,0.47427,average,3400,3.20147058824,5964,2990,3573
0.75934,0.38590,prepared,3849,3.88230709275,7777,3773,5172
0.00304,0.15780,depending,910,3.83736263736,1785,884,1196
0.20512,0.17789,whether,1015,3.88177339901,2416,1408,1689
0.75359,0.69582,item,6774,3.82093297904,13647,6514,8955
0.73758,0.97469,point,5015,3.43828514457,11505,6691,7346
0.07884,0.00039,peaks,1272,3.97798742138,2332,1237,1579
0.83540,0.90355,usually,7972,3.90767686904,13803,6974,9122
0.64613,0.62854,party,4545,3.6204620462,9135,4782,5959
0.00462,0.02211,claim,747,3.33065595716,1861,994,1150
0.47334,0.37209,due,2027,3.45189935866,4049,2026,2471
0.34045,0.02915,answering,1100,3.54090909091,2869,1652,1920
0.28106,0.05048,containers,975,3.48102564103,2385,1402,1678
0.44488,0.00434,referred,490,3.61632653061,1325,904,916
0.00825,0.00644,assist,287,3.49825783972,782,483,513
0.11316,0.38568,holding,1664,3.65745192308,4113,2564,2860
0.23498,0.00003,cherry,708,3.95762711864,1762,881,1277
0.18324,0.05967,bomb,851,4.13631022327,1358,837,920
0.20396,0.24673,hell,1428,3.43977591036,4108,3236,2917
0.17289,0.45387,beat,1915,4.19634464752,3282,1786,2299
0.04807,0.23844,dead,785,3.35286624204,1804,1221,1250
0.52448,0.73992,add,3716,3.79870828848,8022,4147,5371
0.20292,0.02155,wide,1074,3.96554934823,1914,1059,1371
0.03497,0.00060,community,508,3.9625984252,1313,833,995
0.00000,0.00000,suited,828,3.80434782609,1960,1132,1325
0.03088,0.00623,snacks,1087,3.96596136155,2318,1221,1599
0.46623,0.14613,black,2690,3.81152416357,6195,3460,4261
0.16073,0.03927,staples,658,3.93465045593,1198,603,782
0.13436,0.06599,specific,900,3.62222222222,2003,1091,1310
0.19414,0.27492,cashier,417,3.35491606715,826,470,484
0.91846,0.92342,finally,5616,3.42699430199,13219,7151,8569
0.24165,0.08177,load,1191,3.79764903442,2919,1723,2122
0.01131,0.00002,hotel,2553,3.74187230709,4649,2255,3043
0.72916,0.98275,oh,5729,3.84238086926,14316,9470,10473
0.27461,0.33395,imported,1645,3.84984802432,3961,2225,2717
0.97618,0.99965,reasonable,9049,3.76726710134,16564,8508,10906
0.01382,0.22948,line,4833,3.64038899234,10455,6101,6932
0.13270,0.01548,cheaper,833,3.47539015606,1427,756,855
0.44707,0.48445,passed,2655,3.52467043315,6016,3388,3940
0.02168,0.05766,movie,1631,3.80134886573,3635,2271,2530
0.00000,0.03398,theater,839,3.77711561383,1691,905,1083
0.04093,0.13531,chairs,1982,3.66498486377,4451,2355,2990
0.19619,0.01109,raised,609,3.62397372742,1478,821,896
0.00874,0.11083,screen,921,3.71552660152,1895,1045,1358
0.18992,0.17155,block,1091,3.69752520623,2471,1328,1678
0.36296,0.14063,bottom,1252,3.40415335463,2745,1609,1773
0.26364,0.20016,alright,926,3.04967602592,1716,1012,1091
0.86944,0.99974,away,7464,3.63196677385,15832,8556,10305
0.01821,0.12195,fit,1583,3.7656348705,3615,2169,2484
0.04223,0.36947,waffles,1559,3.98781270045,3379,1967,2390
0.68526,0.88161,yes,4980,3.80542168675,12100,7493,8579
0.36849,0.18636,teas,3811,3.84912096563,7316,3863,5070
0.37754,0.32771,soft,2439,3.94628946289,5240,2668,3745
0.53200,0.36962,taken,2102,3.56137012369,4713,2535,3009
0.07146,0.62049,early,3373,3.90690779721,6587,3361,4379
0.38265,0.02155,velvet,749,4.10013351135,1662,1020,1186
0.43831,0.04674,fancy,1557,3.90430314708,3106,1720,2131
0.19417,0.42905,local,5820,3.97233676976,11400,5450,7795
0.33600,0.02051,whenever,925,4.19891891892,1736,907,1217
0.60681,0.85925,mind,3778,3.6458443621,8745,5087,5842
0.38515,0.42995,frequents,1929,3.93468118196,3409,1732,2222
0.25105,0.11622,constantly,768,3.69661458333,1632,880,1050
0.35696,0.01582,express,527,3.34535104364,1180,706,767
0.00003,0.00024,adult,913,3.8313253012,1720,898,1092
0.32893,0.01097,chandler,1130,3.88761061947,1743,785,1109
0.52743,0.05242,terrific,805,4.22360248447,1466,712,1032
0.00014,0.11960,stone,469,3.82942430704,1156,662,844
0.12183,0.23935,wood,1185,4.0,2996,1541,2149
0.80127,0.77129,lights,6711,3.93637311876,14745,7644,10524
0.23130,0.44973,loud,3080,3.44902597403,5315,2941,3215
0.50676,0.39442,cannot,1951,3.92465402358,4365,2481,3069
0.00119,0.00000,pets,435,3.84827586207,1030,575,711
0.07814,0.04432,stare,644,3.21273291925,1979,1598,1430
0.81387,0.33231,mouth,2832,4.02789548023,6583,3758,4529
0.02170,0.14180,company,1390,3.75323741007,3304,1867,2353
0.19134,0.05714,concept,1540,3.45649350649,3435,1827,2180
0.00424,0.06627,couches,793,4.06683480454,1810,1043,1422
0.71601,0.27923,hostesses,2053,3.19386264004,4423,2280,2547
0.15331,0.01711,intimate,978,4.22801635992,1779,729,1210
0.04398,0.01526,advertise,516,3.00581395349,1167,588,630
0.25014,0.32545,single,1836,3.72058823529,4567,2720,2999
0.19816,0.22758,beyond,1300,3.81615384615,2928,1529,1916
0.46065,0.01456,celebrate,1328,3.97590361446,2671,1281,1749
0.30090,0.13212,martini,1670,3.91796407186,3322,1889,2379
0.60623,0.57228,extra,4064,3.71013779528,7997,4228,5137
0.04693,0.11680,dirty,1438,3.0611961057,3101,2049,1956
0.05052,0.12858,judging,749,3.65420560748,1710,1174,1212
0.58397,0.04752,olives,2213,3.91956619973,5170,2617,3669
0.34500,0.08443,settled,755,3.58145695364,1840,1107,1344
0.33914,0.11717,smoking,2050,3.79609756098,4230,2375,2889
0.41696,0.00879,platter,1290,3.91085271318,2548,1266,1764
0.68768,0.02199,goat,1350,4.09777777778,3179,1522,2199
0.55903,0.19341,prosciutto,834,4.14508393285,2030,957,1432
0.32565,0.00138,jammed,735,3.94829931973,1770,998,1280
0.76026,0.74528,size,5166,3.75745257453,9929,5055,6659
0.45400,0.13414,balance,1053,4.07217473884,2459,1296,1762
0.52426,0.10941,creamy,2031,4.13589364845,4881,2424,3514
0.21065,0.00601,darn,726,3.89256198347,1443,818,1028
0.99918,0.50914,appetizers,7520,3.78058510638,12746,5703,8037
0.42491,0.50609,obviously,1863,3.33279656468,4352,2409,2737
0.19681,0.28447,dollar,1782,3.3771043771,3703,2250,2371
0.53848,0.35477,short,3800,3.72552631579,7802,4099,4979
0.44297,0.00800,creme,787,4.10800508259,1720,772,1184
0.31581,0.42247,anywhere,2053,3.92644909888,3904,2094,2550
0.73922,0.10893,tender,2918,4.04180945853,6171,2925,4261
0.89748,0.86828,instead,4287,3.38371821787,9640,5154,6186
0.75004,0.37716,immediately,2281,3.71416045594,5485,2962,3671
0.34694,0.88267,anyone,3403,3.66558918601,7461,4263,4881
0.31503,0.20424,strong,1975,3.8546835443,4089,2291,2929
0.77286,0.48084,listed,4979,3.88069893553,10527,5187,6964
0.40052,0.05622,stood,740,3.08648648649,1566,847,969
0.32338,0.50289,figure,2195,3.41958997722,5341,3279,3636
0.25497,0.09556,wed,1562,3.6747759283,3352,1722,2169
0.30585,0.08967,apartment,977,3.5230296827,2119,1118,1347
0.22619,0.06804,pour,1162,3.57659208262,2715,1526,1777
0.27809,0.17495,correctly,997,3.31394182548,2220,1144,1349
0.23873,0.46901,across,2748,3.62336244541,5775,3289,3802
0.16358,0.20850,god,1165,3.76738197425,3367,2853,2572
0.81070,0.22629,split,2758,3.89231327049,5381,2568,3539
0.00023,0.00137,stupid,465,3.16989247312,1316,1107,900
0.00001,0.00160,lose,589,3.46689303905,1598,1052,1069
0.36247,0.51917,money,3333,3.05310531053,6841,3795,3793
0.98314,0.64827,brought,4606,3.54103343465,9622,4769,6088
0.32671,0.00149,shes,516,3.7984496124,1471,1166,1124
0.22718,0.07274,phone,1140,3.20614035088,2733,1586,1577
0.25128,0.46355,established,2056,3.52869649805,4839,2700,3105
0.19006,0.20985,spent,1732,3.60508083141,3987,2265,2726
0.04060,0.13171,fountain,667,3.86956521739,1416,746,1007
0.56606,0.00173,pasta,3141,3.89875835721,5510,2514,3582
0.63079,0.30330,calamari,1123,3.88245770258,1910,842,1211
0.99909,0.57474,dine,7475,3.80147157191,15953,7749,10524
0.14990,0.02952,organized,1707,3.99882835384,3843,1983,2737
0.18574,0.08805,event,1922,3.8813735692,4305,2220,3091
0.39275,0.13444,coworkers,1333,3.61065266317,2544,1358,1642
0.05402,0.04152,weekday,688,3.82848837209,1264,636,811
0.24584,0.07375,corporate,502,3.48007968127,1140,634,779
0.07206,0.20581,substituted,585,3.65641025641,1172,612,774
0.20680,0.03292,stuck,906,3.41832229581,1996,1196,1332
0.48304,0.83271,decent,6094,3.30882835576,10695,5397,6632
0.93614,0.90081,three,5539,3.58295721249,12700,7009,8640
0.66076,0.51234,word,2577,3.76329064804,6769,4327,4758
0.06471,0.04417,hype,997,3.22166499498,2043,1125,1210
0.18679,0.01662,margarita,2941,3.76844610677,4705,2306,3076
0.18372,0.12525,aside,956,3.62970711297,2287,1478,1597
0.06977,0.06541,stories,1132,3.55477031802,2802,1935,2000
0.00000,0.00002,stage,527,3.66223908918,1216,759,887
0.30847,0.06990,booth,1666,3.74009603842,3852,2076,2725
0.44649,0.36020,odd,1554,3.40154440154,3314,1797,2152
0.23892,0.45507,become,1920,3.965625,4384,2561,3186
0.00002,0.05243,rotate,701,4.08416547789,1598,787,1146
0.02804,0.03777,lost,1289,3.39177657099,3271,2075,2282
0.31502,0.01376,romantic,1070,4.22897196262,2004,892,1358
0.00715,0.41527,relaxing,2808,4.15277777778,5177,2384,3665
0.27952,0.74845,packed,4377,3.85720813342,8274,4395,5729
0.21275,0.02532,anytime,656,3.56859756098,1297,679,846
0.00946,0.03053,laughed,788,3.44162436548,2095,1618,1476
0.36264,0.26042,refills,2142,3.32913165266,3935,1828,2278
0.21477,0.11548,pulled,2459,3.72509150061,5065,2833,3366
0.04124,0.05154,ass,1063,3.51740357479,3279,2907,2471
0.47643,0.35195,sad,2054,3.15676728335,4438,2332,2638
0.38729,0.05668,bone,807,3.85749690211,1559,807,953
0.14318,0.01752,existed,694,3.73342939481,1824,1111,1324
0.17742,0.19923,allow,1713,3.65966141273,4033,2234,2702
0.00012,0.00075,reaching,562,3.57117437722,1350,905,932
0.42332,0.02624,appealing,887,3.45546786922,1991,1092,1354
0.02947,0.32168,gravy,1037,3.76856316297,2094,1144,1368
0.47823,0.71378,complaint,2744,3.84001457726,4702,2179,2943
0.25043,0.00000,delivery,399,3.50877192982,741,370,455
0.05356,0.20764,lucked,797,3.3400250941,1732,969,1131
0.11100,0.33810,step,1478,3.64073071719,3560,2154,2453
0.00051,0.05711,print,365,3.31506849315,965,512,573
0.02759,0.00000,nail,265,3.6679245283,573,381,431
0.23045,0.08512,stellar,651,3.84792626728,1423,733,961
0.46614,0.21845,cravings,2561,3.87231550176,4932,2424,3369
0.18268,0.03372,ranch,1120,3.71160714286,2339,1255,1610
0.19336,0.37420,joint,3152,3.77030456853,6075,3401,4054
0.25428,0.41569,literally,1892,3.53012684989,4287,2329,2620
0.02486,0.00935,photos,605,3.82975206612,1830,1116,1358
0.55540,0.43106,slow,3404,3.28378378378,5784,2618,3486
0.03918,0.19280,laid,1062,4.08192090395,2009,1046,1442
0.23518,0.00231,adorable,882,4.16439909297,2257,1264,1737
0.80238,0.01608,tuna,2309,3.82026851451,4059,1877,2644
0.75991,0.96912,either,4736,3.45038006757,10012,5559,6389
0.27729,0.03048,buffalo,829,3.90591073583,1512,797,1030
0.21010,0.09926,picky,888,3.87612612613,1472,740,922
0.63006,0.39805,dressing,3644,3.71459934138,7806,4430,5228
0.03735,0.00866,bought,1301,3.58647194466,3030,1795,2090
0.20083,0.12400,desirable,905,3.39116022099,1855,1039,1245
0.24749,0.00110,pair,1351,4.08956328645,3070,1626,2131
0.00000,0.07190,comfy,878,4.10592255125,1936,1041,1414
0.36988,0.01647,signature,866,3.91570438799,1876,826,1289
0.22551,0.12476,mothers,843,3.78291814947,2004,1367,1404
0.29343,0.01068,assortment,609,4.01642036125,1250,674,868
0.26628,0.26022,fare,1197,3.77276524645,2240,1173,1544
0.15251,0.31419,number,1885,3.59787798408,4634,2723,3078
0.09464,0.16046,omelet,863,3.83198146002,1666,835,1105
0.01001,0.03671,indulging,651,4.14132104455,1525,862,1135
0.32271,0.26091,admit,1663,3.75826819002,3752,2301,2819
0.02141,0.06600,addicting,857,4.36872812135,1629,890,1238
0.38692,0.26353,opted,1366,3.78623718887,3197,1602,2237
0.32108,0.14928,heat,2150,3.78744186047,4444,2314,3044
0.31414,0.38630,outdoor,2829,3.97207493814,4747,2180,3259
0.41609,0.18618,known,1295,3.63938223938,2939,1773,1976
0.05766,0.00434,gift,1124,3.78024911032,2181,1194,1509
0.47744,0.02383,specialties,1178,3.86926994907,2213,1027,1400
0.36604,0.28442,heavenly,1964,4.41140529532,4327,2433,3171
0.03205,0.15270,willing,1124,3.67081850534,2290,1241,1478
0.55089,0.00617,occasions,1646,3.91251518834,3042,1478,2001
0.14713,0.16313,bonus,719,4.10848400556,1424,738,1019
0.20867,0.00316,blows,862,3.66937354988,2013,1208,1371
0.34282,0.38346,enchilada,1662,3.74187725632,2685,1270,1768
0.53821,0.09494,heavy,1371,3.65134938001,2862,1530,1943
0.03611,0.58013,weekend,4370,3.96887871854,7953,3996,5311
0.54549,0.76024,group,5252,3.66850723534,10103,5048,6670
0.08137,0.02323,diverse,643,4.18351477449,1226,624,862
0.09316,0.01786,secret,814,4.20884520885,1994,1328,1522
0.20586,0.18549,paid,1652,2.97760290557,3435,1889,1873
0.61445,0.39684,valley,4323,4.10779551238,8500,4010,5816
0.01364,0.00002,wandering,598,3.79598662207,1641,1096,1275
0.19209,0.19339,worry,1138,3.89015817223,2768,1702,1984
0.41772,0.00005,pureed,930,3.91720430108,2491,1375,1722
0.44629,0.06682,trendy,1358,3.67746686303,2461,1276,1650
0.06186,0.02540,hipster,856,3.7523364486,2021,1443,1491
0.11669,0.10238,vegan,1343,4.04616530156,2733,1375,1836
0.33174,0.12313,menus,1174,3.37563884157,2798,1457,1724
0.39199,0.19348,tradition,2073,3.93825373854,4015,1817,2672
0.25421,0.56360,possible,2258,3.71966341895,5592,3409,3934
0.52857,0.20201,corn,3118,3.91084028223,6407,3287,4416
0.03612,0.01397,gross,991,2.71039354188,2152,1407,1234
0.56314,0.17991,cucumber,1023,3.91984359726,2266,1059,1549
0.23341,0.17612,chili,2119,3.89617744219,3987,2012,2691
0.05805,0.30508,burrito,2340,3.83418803419,4042,2080,2628
0.08518,0.27276,beside,921,3.63626492942,2034,1150,1412
0.86492,0.20176,tofu,1334,3.85307346327,2577,1278,1811
0.22806,0.14376,diet,859,3.78812572759,2262,1508,1695
0.20885,0.07640,pops,1480,3.8277027027,3679,2053,2689
0.21015,0.55814,late,3514,3.72595332954,7163,3921,4960
0.18590,0.00000,score,600,3.845,1628,1033,1231
0.75780,0.30439,salmon,2570,3.97509727626,4696,2054,2956
0.13237,0.08287,mini,1034,3.90522243714,2294,1285,1647
0.49599,0.08475,cilantro,824,4.04004854369,1824,955,1278
0.00000,0.00000,bed,1181,3.85182049111,2887,1617,2020
0.08290,0.12540,center,1787,3.75041969782,3950,1988,2687
0.47325,0.09244,east,1277,4.00861393892,2514,1302,1720
0.07910,0.09730,distance,825,3.90303030303,1662,968,1220
0.32815,0.00404,rail,789,3.89100126743,2032,1239,1638
0.31969,0.03401,classy,796,4.10804020101,1512,883,1048
0.28542,0.40182,studio,162,4.0,383,206,288
0.05918,0.03233,class,1073,3.88164026095,2364,1348,1575
0.00388,0.17445,gym,471,3.71974522293,1047,545,617
0.33419,0.04304,springs,2287,3.93266287713,3984,1894,2608
0.18866,0.06175,practice,864,3.49884259259,2186,1258,1506
0.04161,0.01629,body,592,3.78885135135,1504,1146,1077
0.00127,0.14214,bathrooms,2348,3.61030664395,5514,3609,3843
0.40857,0.01422,cheesy,898,3.84075723831,1935,1095,1362
0.26675,0.11392,gem,1447,4.46164478231,2701,1239,1926
0.53148,0.35179,truly,2173,4.05246203405,4528,2226,3082
0.12200,0.04685,ceiling,684,3.75292397661,1648,940,1169
0.16883,0.14886,focus,674,3.69287833828,1557,898,1059
0.14818,0.02187,tree,703,4.07539118065,1348,734,989
0.08474,0.00005,hurt,514,3.64980544747,1318,906,933
0.19296,0.01133,bike,561,4.02852049911,1538,1000,1201
0.00085,0.00071,rides,1082,3.83179297597,2692,1926,2092
0.17001,0.01973,lowered,635,3.32913385827,1229,681,774
0.37210,0.04355,central,1517,3.92419248517,3619,2013,2713
0.05111,0.34371,staying,4569,3.67454585248,9161,4825,5915
0.38367,0.00041,familiar,573,3.82547993019,1294,664,855
0.30241,0.03305,guest,1880,3.69361702128,3769,1633,2245
0.00000,0.00046,pool,2208,3.92844202899,4309,2244,2928
0.00051,0.08954,lobby,686,3.68367346939,1526,767,964
0.64028,0.29845,greeted,2393,3.70706226494,5696,2975,3745
0.23297,0.31425,rude,1432,2.27164804469,3088,1524,1277
0.22147,0.27393,awful,1196,2.4381270903,2417,1302,1242
0.11779,0.10658,shit,677,3.30280649926,2482,2456,1876
0.18463,0.00051,accord,547,3.48628884826,1267,638,784
0.37185,0.05604,ahead,1311,3.71929824561,3225,1840,2209
0.00182,0.01178,squeezed,696,3.83620689655,1713,1016,1213
0.01243,0.02969,fucking,494,3.23481781377,2127,2417,1772
0.14180,0.06299,office,1084,3.70756457565,2422,1406,1699
0.26005,0.00135,spectacular,1128,3.77836879433,2084,915,1282
0.56116,0.57658,sort,2725,3.60917431193,6147,3699,4320
0.26915,0.11679,soggy,1080,2.96759259259,2174,1142,1263
0.12538,0.42095,annoying,1598,3.18335419274,3621,2255,2202
0.16852,0.03192,leg,712,3.6797752809,1778,1166,1190
0.32605,0.14569,strange,1162,3.33993115318,2439,1557,1653
0.46413,0.37928,particular,1961,3.69709331973,4185,2309,2836
0.60437,0.72340,honestly,2750,3.57163636364,5825,3304,3803
0.48914,0.13859,tiny,1975,3.46481012658,4267,2385,2832
0.06648,0.36703,caused,1211,3.48307184145,2824,1869,1874
0.38190,0.71532,writes,2499,3.45538215286,6243,3646,4096
0.27561,0.09777,match,779,3.72657252888,1499,844,1006
0.08652,0.05466,blown,698,3.9441260745,1448,709,985
0.63514,0.00878,lobster,1454,3.9628610729,2686,1194,1640
0.36097,0.00073,neither,795,3.20125786164,1921,1059,1197
0.57947,0.75024,often,3771,4.02041898701,6826,3414,4584
0.48184,0.11323,notch,1346,4.29197622585,2177,1011,1451
0.00050,0.04809,entertains,1261,3.83346550357,2789,1632,1955
0.47433,0.89467,able,3984,3.81626506024,8385,4355,5705
0.25717,0.33220,rounded,1557,3.69621066153,3633,2019,2549
0.20588,0.00632,challenge,634,3.94479495268,1411,869,1004
0.48286,0.18106,describe,1537,3.72283669486,3933,2260,2762
0.36203,0.07399,everyday,609,4.28407224959,1072,520,784
0.33089,0.02591,ran,808,3.36633663366,1841,1030,1188
0.11219,0.44556,patron,1898,3.39409905163,4488,2786,2960
0.40411,0.54042,kept,2347,3.58542820622,5259,2959,3508
0.14515,0.06928,paradise,406,3.91625615764,945,522,648
0.00106,0.00317,destined,631,3.73692551506,1516,927,1073
0.18720,0.02658,various,976,3.9231557377,2137,1156,1520
0.05300,0.01204,forced,653,3.34762633997,1702,1179,1187
0.17550,0.03931,milk,1152,3.93142361111,2391,1287,1679
0.23008,0.06314,brightly,1031,3.78855480116,2614,1428,1914
0.39871,0.50132,upon,1985,3.69471032746,4864,2728,3335
0.00005,0.00021,espresso,767,4.08604954368,1637,824,1120
0.15657,0.33807,covered,2692,3.64227340267,6311,3686,4389
0.26427,0.09404,hidden,1063,4.17779868297,2308,1193,1617
0.44090,0.48944,today,3417,3.70646766169,7784,4298,5417
0.20429,0.00041,dozen,1062,3.8549905838,2337,1382,1644
0.03702,0.00144,dude,703,3.4253200569,2156,1949,1661
0.37310,0.03467,donuts,294,4.18367346939,639,287,415
0.15412,0.14282,john,330,3.95757575758,814,534,642
0.00441,0.00120,press,556,3.88848920863,1376,726,905
0.39383,0.05417,crunchy,1191,3.86565910999,2735,1498,1988
0.18200,0.00001,subbed,700,3.61428571429,1307,626,823
0.20710,0.05073,road,1085,3.73917050691,2592,1427,1797
0.00005,0.00024,pedicure,22,4.09090909091,56,18,35
0.42169,0.01646,discover,1053,4.02089268756,2215,1251,1610
0.10565,0.01484,trained,1398,3.66309012876,2742,1446,1754
0.52668,0.03683,dad,779,3.87804878049,1588,951,1141
0.00010,0.09092,everywhere,987,3.66970618034,2211,1433,1517
0.12384,0.00863,sport,1578,3.69264892269,2645,1531,1803
0.10191,0.07989,city,2215,3.9453724605,5041,2871,3735
0.03435,0.00009,team,755,3.89271523179,1628,950,1141
0.32023,0.10338,bagels,456,3.79166666667,719,367,503
0.46699,0.00145,coconut,1265,4.06640316206,2555,1311,1808
0.13868,0.07974,combo,1911,3.89848246991,3403,1676,2267
0.06308,0.02977,thrilled,590,3.77457627119,1326,689,961
0.20223,0.02100,needless,633,3.15007898894,1424,782,837
0.65201,0.43879,mine,2239,3.66056275123,4484,2342,3006
0.20317,0.00022,brew,1388,3.96685878963,2335,1158,1654
0.07421,0.01441,smooth,845,4.07692307692,1986,1061,1491
0.11760,0.02758,blueberry,540,4.08888888889,1143,498,803
0.06041,0.17230,indoor,723,3.99861687414,1410,681,1021
0.21921,0.15244,varies,616,3.89772727273,1201,614,809
0.24234,0.41269,terrible,1943,2.53216675244,3731,1907,1933
0.45758,0.67757,set,4306,3.76474686484,9343,4880,6315
0.20959,0.08547,fee,656,3.47256097561,1532,725,868
0.19896,0.14817,improve,1132,3.46201413428,2228,1042,1336
0.02231,0.00060,shirt,546,3.44871794872,1404,1261,1063
0.09550,0.06300,fake,521,3.28790786948,1196,898,813
0.07811,0.06146,learned,1372,3.73979591837,3403,1946,2439
0.02096,0.01109,refused,463,2.75161987041,1157,733,677
0.58069,0.69752,twice,2959,3.62115579588,5251,2696,3212
0.14000,0.01087,scream,628,3.25636942675,1582,1274,1153
0.96380,0.99898,visit,11613,3.87083440971,22682,10896,15083
0.08893,0.01312,lit,631,3.97622820919,1376,706,965
0.97954,0.58199,husband,4844,3.76878612717,7278,2910,4239
0.23180,0.12287,bistros,619,3.95961227787,1279,546,825
0.31092,0.07290,highlights,917,3.72082878953,2027,979,1343
0.10891,0.10953,excuse,748,3.02139037433,2057,1327,1280
0.45155,0.37626,standard,2441,3.63293732077,4664,2296,3045
0.48765,0.04015,upscale,1171,3.8121263877,2056,962,1330
0.00208,0.00000,traffic,533,3.65478424015,1325,734,921
0.11551,0.29688,larger,1042,3.76391554702,2125,1045,1355
0.69991,0.14333,spinach,1974,3.89817629179,3945,1758,2653
0.24568,0.24479,wheat,654,3.89449541284,1560,761,1153
0.29553,0.11340,daily,1312,4.07317073171,2981,1441,2095
0.27106,0.23755,horrible,1645,2.31124620061,3320,1817,1616
0.00417,0.12429,occasionally,636,3.91509433962,1279,785,924
0.17754,0.11330,ham,856,3.86448598131,1936,975,1327
0.25717,0.10094,blue,2154,3.8704735376,4677,2634,3359
0.14360,0.03780,jack,551,3.74591651543,1289,748,927
0.60654,0.15769,mushroom,3048,3.9219160105,6107,2918,4094
0.37566,0.11271,classic,1473,4.03869653768,3133,1487,2161
0.26366,0.00201,feta,674,3.96142433234,1497,754,1059
0.18021,0.00000,yogurt,802,4.07481296758,1573,925,1129
0.12326,0.13283,shot,1949,3.53514622884,4145,2576,2793
0.20667,0.08681,ten,899,3.40823136819,2297,1375,1510
0.69399,0.37483,main,3635,3.72104539202,7184,3259,4633
0.06166,0.00945,double,1249,3.78382706165,2685,1590,1775
0.40898,0.13111,ginger,819,3.99267399267,1831,887,1265
0.10836,0.08593,knock,908,3.69383259912,1970,1217,1370
0.35895,0.11883,w,1527,3.79895219384,3715,2061,2721
0.05948,0.00882,men,818,3.58435207824,2043,1664,1543
0.00927,0.07131,noise,582,3.48453608247,1034,504,610
0.34516,0.00500,repeat,762,3.34908136483,1776,955,1055
0.17586,0.00281,magically,655,4.09312977099,1768,1103,1312
0.08737,0.08447,age,1142,3.75656742557,2616,1719,1831
0.61111,0.36933,duck,1215,3.96049382716,2251,1087,1485
0.59696,0.06934,rich,1790,4.08212290503,3982,2147,2872
0.31766,0.03937,plain,1327,3.41597588546,2641,1421,1658
0.09831,0.07337,thumbs,600,3.885,1123,637,783
0.17673,0.13254,draft,786,3.83333333333,1385,679,899
0.38163,0.58663,chance,2437,3.56339762002,5238,2879,3452
0.08010,0.65081,hearing,2823,3.56783563585,6305,3548,4315
0.66033,0.00815,asparagus,923,4.01516793066,2248,1073,1584
0.51714,0.03290,sent,887,3.02593010147,2103,1018,1161
0.28042,0.14231,breast,747,3.82864792503,1730,930,1183
0.55103,0.03940,accompaniment,1149,3.8772845953,2976,1510,2111
0.19754,0.00067,potential,702,3.00427350427,1766,995,1119
0.39994,0.25408,mediocre,1839,2.55899945623,3258,1723,1657
0.01181,0.01886,mountain,885,4.20790960452,2069,1147,1534
0.51691,0.03045,leftovers,1058,3.87240075614,2209,1141,1535
0.14771,0.09518,elsewhere,952,3.02731092437,1926,912,1121
0.00520,0.00013,member,904,3.55862831858,2054,1176,1310
0.12623,0.53387,seen,3196,3.6892991239,7248,4403,5130
0.07454,0.05652,bet,652,3.65490797546,1556,1068,1117
0.68037,0.10028,scallop,1346,3.96136701337,2778,1242,1787
0.56834,0.10239,guacamole,1617,3.83055040198,2847,1276,1822
0.36956,0.04676,fell,926,3.57343412527,2158,1171,1421
0.22309,0.00043,fork,867,3.66320645905,2001,1131,1325
0.36962,0.09012,pineapple,870,3.99885057471,1768,917,1223
0.31062,0.14071,equally,1013,3.8923988154,2105,1117,1390
0.30245,0.04649,level,1758,3.68088737201,3701,2169,2423
0.00003,0.00000,airport,1135,3.43259911894,1855,1138,1293
0.43355,0.02157,chunks,938,3.68017057569,2102,1070,1442
0.41731,0.46068,supposed,2203,3.05901044031,4800,2880,2993
0.11151,0.35302,free,5652,3.84182590234,10930,5861,7289
0.30686,0.04780,knowledgeable,1425,4.23649122807,2515,1117,1675
0.07922,0.00851,growing,708,3.91384180791,1638,914,1185
0.00022,0.00348,pain,746,3.40616621984,1730,1106,1149
0.12155,0.04916,entrance,851,3.65099882491,1987,1106,1344
0.00424,0.23706,towards,995,3.52663316583,2253,1409,1556
0.15733,0.00790,individual,530,3.70188679245,1241,605,830
0.09958,0.17393,catering,737,3.84260515604,1510,775,1045
0.07155,0.01471,flower,419,4.22195704057,1101,602,871
0.06920,0.01535,purchases,1113,3.62264150943,2591,1408,1764
0.00074,0.00718,sleep,351,3.54131054131,826,625,584
0.20747,0.21957,awhile,954,3.62054507338,2157,1096,1479
0.00000,0.00120,desk,676,3.25443786982,1458,710,810
0.00087,0.01989,towels,357,3.49019607843,874,504,520
0.02103,0.08128,degree,986,3.70182555781,2283,1368,1545
0.00000,0.00000,ticket,1086,3.46040515654,2363,1389,1567
0.17416,0.10834,post,1064,3.65695488722,2624,1489,1715
0.39349,0.29969,comments,1454,3.47248968363,2951,1533,1844
0.48209,0.49592,appreciate,2361,3.74968233799,5244,2771,3474
0.41420,0.02310,steam,952,3.76890756303,2278,1194,1545
0.07475,0.00369,wax,126,3.72222222222,312,215,239
0.01045,0.16750,hole,968,3.85847107438,1800,1010,1180
0.03633,0.02703,prior,685,3.50802919708,1465,703,894
0.81418,0.36685,boyfriend,2163,3.78918169209,3190,1363,1720
0.43077,0.35017,touch,2220,3.85585585586,4669,2364,3103
0.36814,0.35331,poor,1850,2.60108108108,4069,2247,2126
0.97149,0.09767,pepperoni,605,3.99008264463,1074,586,746
0.24979,0.04510,bell,799,3.63329161452,1887,1129,1337
0.04778,0.01252,advantage,596,3.79865771812,1288,664,897
0.05330,0.05713,football,591,3.69712351946,884,561,566
0.21600,0.03308,inexpensive,698,4.06303724928,1292,651,916
0.11453,0.00609,moist,1288,4.0900621118,2754,1468,1916
0.07694,0.00000,grocery,1215,3.92345679012,2445,1422,1799
0.20762,0.00245,b,676,3.66124260355,1939,1256,1477
0.00109,0.00612,children,690,3.64202898551,1513,995,1015
0.12262,0.33061,ridiculous,1616,3.38675742574,3865,2448,2471
0.37347,0.00103,coupon,730,3.47534246575,1253,583,719
0.08244,0.03959,natural,1100,3.93727272727,2777,1650,2048
0.63348,0.43097,saved,2285,3.46783369803,5180,2840,3339
0.21421,0.09366,unlike,858,4.01748251748,1747,894,1225
0.19444,0.22347,experienced,1216,3.53700657895,2788,1415,1773
0.18697,0.12565,search,1003,3.8035892323,1910,959,1266
0.02658,0.02663,bag,1657,3.53108026554,4102,2829,2938
1.00000,0.00000,terminal,396,3.08080808081,679,417,438
0.23911,0.11594,lover,963,4.05295950156,1913,999,1312
0.64601,0.72466,consider,3312,3.57336956522,7069,3772,4693
0.10287,0.09740,result,634,3.42113564669,1558,871,1027
0.00001,0.00000,polish,315,3.95873015873,852,459,605
0.04030,0.03145,south,1110,3.91711711712,2486,1309,1785
0.47541,0.07643,strip,2284,3.94483362522,4974,2615,3398
0.59729,0.07206,mall,2478,3.85068603713,5092,2992,3565
0.76948,0.97250,seconds,4951,3.56251262371,11088,6310,7347
0.02890,0.32032,pitcher,676,3.86390532544,1354,835,947
0.33522,0.21399,sangria,1017,3.95673549656,1586,639,1020
0.06548,0.19115,mustard,880,3.87272727273,2216,1111,1527
0.18477,0.14546,mint,843,4.04863582444,1938,967,1384
0.34845,0.00307,pan,588,3.74659863946,1349,674,898
0.32626,0.01098,con,540,3.8537037037,995,478,677
0.60298,0.19657,overly,1439,3.59555246699,2973,1524,1954
0.00018,0.02617,air,1189,3.62068965517,2731,1739,1968
0.54655,0.17516,questioned,1817,3.57677490369,4723,2667,3154
0.01692,0.00989,test,481,3.86902286902,1105,685,808
0.18138,0.00766,marked,881,3.61634506243,2120,1188,1434
0.23731,0.21186,spending,2834,3.5857445307,6031,3303,3853
0.25808,0.02942,mesa,546,3.94322344322,911,461,603
0.51974,0.15518,seared,751,3.94007989348,1776,817,1163
0.11324,0.04273,miles,1364,3.76906158358,2836,1611,1884
0.52639,0.76529,heard,3670,3.60108991826,7592,4113,5085
0.17207,0.11595,adventurous,811,4.05055487053,1801,967,1324
0.20002,0.21894,gluten,574,4.06968641115,894,427,555
0.00029,0.21349,chill,1420,4.05281690141,2686,1315,1940
0.10754,0.02070,c,427,3.64402810304,1198,732,909
0.35292,0.03869,per,1519,3.65635286373,3270,1470,1961
0.02246,0.25266,gotta,923,3.97941495125,1942,1162,1391
0.24538,0.01285,west,1080,3.9287037037,2431,1350,1736
0.49224,0.30070,compare,2312,3.7357266436,4047,2009,2685
0.65048,0.73991,lacking,3441,3.0848590526,6836,3397,3986
0.00557,0.00218,vacation,633,3.90047393365,1015,493,675
0.39788,0.12523,skip,1198,3.49833055092,2727,1529,1785
0.00229,0.01932,site,574,3.75958188153,1238,604,811
0.03476,0.28749,major,1327,3.54483798041,3032,1665,2034
0.00076,0.00700,control,460,3.63913043478,1075,730,745
0.17854,0.19866,sense,1222,3.60392798691,3257,2147,2322
0.29192,0.13611,cozy,1885,4.1549071618,3915,1860,2933
0.03504,0.05702,lounge,1299,3.9830638953,3069,1603,2222
0.00001,0.02845,blast,552,3.88224637681,1149,738,848
0.00172,0.13298,crappy,573,3.06108202443,1295,854,749
0.21065,0.07010,burning,882,3.51587301587,2016,1291,1440
0.34991,0.27662,imagine,1814,3.70507166483,4510,2728,3287
0.11052,0.07198,memorial,760,3.85657894737,1855,1136,1347
0.15802,0.18261,closer,1162,4.03786574871,2088,991,1397
0.15894,0.08555,anymore,829,3.36670687575,1724,976,1057
0.27689,0.95096,plus,4123,3.81785107931,8120,4263,5499
0.43471,0.14232,beginning,1336,3.60329341317,3533,1914,2363
0.31398,0.06555,fellow,757,3.80449141347,2179,1293,1657
0.00164,0.00060,animal,576,3.73784722222,1297,973,975
0.52132,0.01029,oysters,679,4.0058910162,1394,660,898
0.00210,0.02377,kill,815,3.40490797546,1963,1295,1371
0.24911,0.06145,attempts,929,3.03229278794,2457,1641,1582
0.39467,0.00108,earned,479,3.49269311065,1278,732,796
0.00002,0.00007,scheduled,353,3.55240793201,864,444,553
0.00001,0.02986,upgraded,464,3.65301724138,896,433,566
0.34568,0.00091,send,862,3.186774942,2010,1109,1154
0.38798,0.00034,removed,561,3.08912655971,1317,703,675
0.24265,0.10633,worse,925,2.50594594595,2177,1319,1245
0.57584,0.20520,meatball,970,3.93917525773,1680,836,1089
0.05992,0.00000,sums,901,3.46614872364,1814,1106,1141
0.27675,0.21021,related,1209,3.64433416046,2437,1338,1716
0.16128,0.15888,complex,575,3.86434782609,1331,622,911
0.19618,0.06773,st,1603,3.8178415471,3553,1902,2472
0.25647,0.30087,moment,1304,3.84509202454,3663,2192,2677
0.11503,0.19759,cup,2753,3.62586269524,5922,3443,4040
0.41624,0.50944,ready,2367,3.5855513308,5654,3150,3590
0.20608,0.10713,flat,1361,3.59221160911,2979,1582,2014
0.41953,0.14948,fall,1597,3.7426424546,3742,2249,2579
0.47212,0.40353,easily,1951,3.94156842645,4434,2402,3177
0.12864,0.20504,school,1741,3.81447443998,4079,2667,2987
0.30120,0.00665,downside,673,4.12035661218,924,362,575
0.06270,0.22387,funny,1161,3.65202411714,2661,1786,1833
0.00032,0.03931,restroom,729,3.51440329218,1853,1108,1252
0.00000,0.00068,views,2457,3.95238095238,4692,2224,3192
0.28946,0.21644,squash,682,4.01612903226,1586,780,1072
0.00497,0.00001,competition,384,3.64583333333,791,445,511
0.37492,0.40785,weird,1983,3.4331820474,4127,2607,2720
0.11054,0.02028,screw,521,2.87332053743,1325,864,816
0.10640,0.05580,dream,875,4.34514285714,2152,1495,1693
0.13102,0.05091,skin,659,3.64946889226,1652,1046,1135
0.49113,0.12830,extensive,980,4.03367346939,1877,923,1348
0.21209,0.00149,urban,691,3.91027496382,1683,1022,1273
0.14927,0.10175,throughout,1278,3.84663536776,3023,1615,2177
0.57611,0.11051,cheesecake,987,3.9179331307,1827,935,1199
0.12111,0.00004,pushing,735,3.39591836735,1800,1201,1164
0.19970,0.20720,efficient,1027,3.96689386563,2021,1003,1384
0.14275,0.02658,rule,546,3.63919413919,1400,996,955
0.46877,0.02637,quaint,856,4.13901869159,1589,720,1089
0.17078,0.05282,update,1214,3.70675453048,2992,1575,2017
0.06443,0.13104,ruined,703,2.97155049787,1515,941,851
0.22790,0.00387,tossed,569,3.55360281195,1342,763,884
0.02088,0.13189,direction,1177,3.52421410365,2757,1694,1869
0.13621,0.23683,jokes,966,3.1635610766,2414,1578,1463
0.08095,0.22550,counting,861,3.62369337979,2107,1241,1405
0.09497,0.02258,lead,614,3.67100977199,1557,1025,1113
0.13730,0.00072,buffet,1156,3.69982698962,2114,1130,1370
0.23130,0.03290,ball,1257,3.69610182975,2993,1955,2163
0.22128,0.09642,feed,684,3.86111111111,1591,1084,1177
0.24774,0.00014,wild,815,3.88957055215,1841,1132,1319
0.01767,0.00000,doctor,152,3.67105263158,391,260,281
0.00273,0.00025,mike,230,3.96086956522,644,329,488
0.25127,0.11705,brother,748,3.93315508021,1633,979,1215
0.77572,0.14238,crab,2114,3.87038789026,4069,1809,2627
0.07743,0.01614,shape,562,3.70106761566,1431,971,1052
0.38336,0.19534,barely,1414,3.05657708628,3163,1824,1938
0.28165,0.04313,regretted,675,4.09037037037,1366,722,873
0.24591,0.21359,messed,1251,2.93445243805,2735,1689,1593
0.00590,0.03407,theme,833,3.6218487395,1865,1064,1297
0.59960,0.28055,expensive,3300,3.48545454545,5488,2627,3216
0.02349,0.20556,hooked,647,4.31221020093,1373,883,1036
0.35717,0.00000,pita,1795,3.90306406685,2897,1402,2014
0.16801,0.08247,tax,474,3.35021097046,1193,646,743
0.00716,0.05426,fully,511,3.77299412916,1279,774,866
0.29081,0.12384,version,1294,3.75965996909,3102,1785,2213
0.12156,0.10985,pub,971,3.77651905252,1637,858,1218
0.07289,0.00061,shakes,835,3.82754491018,1734,1116,1227
0.48988,0.00139,oregano,600,3.85166666667,898,475,601
0.11711,0.02061,buddy,624,3.65865384615,1433,1049,1097
0.00687,0.00099,crackers,485,3.89690721649,950,468,645
0.27143,0.20055,deserves,1219,3.72354388843,2844,1577,1854
0.16012,0.01141,alternative,652,3.71932515337,1288,637,874
0.03181,0.30275,pizzeria,771,4.11413748379,1893,930,1398
0.06875,0.18658,lucky,1328,3.95180722892,3055,1726,2186
0.28916,0.20078,assume,939,3.30457933972,2214,1255,1388
0.38828,0.09229,parents,980,3.91836734694,2172,1375,1574
0.02513,0.12493,burnt,627,2.91866028708,1371,694,789
0.27300,0.14990,companion,743,3.58411843876,1934,1007,1291
0.45442,0.01018,peanut,1579,3.95756808106,3421,1915,2470
0.00007,0.02201,rent,302,3.67549668874,688,349,433
0.00000,0.00000,venue,1013,3.74827245805,2049,1076,1420
0.00004,0.02238,quotes,270,3.5037037037,800,519,588
0.17014,0.22711,popular,1209,3.83374689826,2423,1216,1632
0.00021,0.21719,students,661,3.80030257186,1222,762,909
0.00001,0.04959,attended,940,3.64042553191,2106,1204,1427
0.10896,0.06970,random,954,3.7358490566,2281,1518,1676
0.00284,0.00467,social,543,3.65193370166,1215,678,833
0.13902,0.08345,confused,1282,3.26599063963,2985,1777,1837
0.00691,0.21171,wear,1241,3.60596293312,3144,2653,2302
0.02344,0.06302,neighbor,513,3.7037037037,1193,664,806
0.35213,0.07168,tasteless,539,2.21892393321,919,453,395
0.31744,0.46820,complain,1954,3.41402251791,3676,1979,2264
0.00000,0.00000,depart,467,3.59957173448,1108,674,766
0.00740,0.00004,section,1354,3.83013293944,2945,1784,2112
0.11191,0.00077,culinary,709,3.9605077574,1794,967,1335
0.16123,0.03322,recipe,680,3.91323529412,1374,757,905
0.17243,0.21029,bigger,1063,3.73095014111,1920,960,1223
0.04718,0.17832,greasy,1911,3.32967032967,3652,1941,2279
0.51791,0.00224,pot,1056,3.79924242424,1987,984,1297
0.05293,0.29888,court,373,3.72922252011,903,612,651
0.19293,0.00449,frozen,1423,3.45467322558,2925,1722,1925
0.21834,0.07170,lemonade,985,3.99593908629,1879,929,1260
0.00001,0.00004,bearings,483,3.71014492754,1182,776,900
0.00579,0.00193,system,825,3.53939393939,1940,1151,1360
0.35097,0.42765,despite,1542,3.56290531777,3526,1899,2441
0.31164,0.01399,promising,807,3.51425030979,2049,1217,1331
0.15394,0.00000,hospitality,380,3.68157894737,879,525,622
0.00009,0.06525,industrial,544,3.44669117647,1315,705,790
0.00134,0.00012,dance,1203,3.76475477972,2730,2008,2123
0.27716,0.04653,swear,606,3.74917491749,1479,1117,1098
0.20033,0.21984,fire,1600,3.88125,3618,2100,2597
0.00528,0.00245,eventually,540,3.33518518519,1465,887,990
0.00753,0.03590,temperature,626,3.47444089457,1418,678,867
0.11303,0.03242,key,830,3.82530120482,1752,945,1158
0.52756,0.32949,promptly,2007,3.80368709517,3541,1598,2153
0.19455,0.18081,waste,1138,2.70738137083,2543,1603,1495
0.10469,0.11900,register,554,3.45487364621,1242,796,834
0.12076,0.04837,among,715,3.90769230769,1682,881,1199
0.71716,0.26992,tempura,807,3.71127633209,1307,633,833
0.19784,0.14495,starving,657,3.40487062405,1496,927,970
0.42512,0.00560,bf,841,3.7372175981,1497,622,901
0.27699,0.00981,fortunate,641,3.80343213729,1557,933,1119
0.27370,0.17547,buds,882,3.90816326531,2018,1159,1409
0.44551,0.00746,clams,484,3.82438016529,992,366,576
0.71364,0.07630,eggplant,706,3.98441926346,1508,677,1049
0.35192,0.00468,superb,878,4.36788154897,1421,579,900
0.56547,0.00129,broccoli,567,3.83068783069,1203,586,829
0.28628,0.00000,cent,506,3.71739130435,1141,693,799
0.91150,0.11623,pretzel,966,3.89855072464,1789,829,1199
0.28282,0.06100,failed,855,3.12748538012,1913,1131,1152
0.10305,0.00002,equipment,283,3.80212014134,682,385,449
0.16959,0.02068,nasty,507,2.71992110454,1043,720,594
0.25792,0.11572,proper,753,3.3984063745,1597,911,1024
0.17116,0.11024,juice,1442,3.81484049931,3040,1674,2079
0.00231,0.00001,unit,327,3.72171253823,698,420,503
0.03871,0.01716,stations,780,3.60256410256,1721,991,1167
0.04434,0.10762,herb,860,4.02325581395,2240,1145,1627
0.50439,0.10308,artichoke,1003,4.00697906281,2109,980,1460
0.35651,0.23640,previous,1394,3.59325681492,3212,1664,2035
0.24822,0.32021,valet,1242,3.93880837359,2426,1173,1583
0.00003,0.00000,weight,354,3.65536723164,877,573,562
0.01479,0.01429,layout,733,3.6412005457,1419,739,953
0.32338,0.18262,sprouts,757,3.9894319683,1645,833,1151
0.00441,0.00139,roots,498,3.87951807229,1072,609,805
0.14541,0.47311,brisket,874,3.93249427918,1381,536,830
0.00000,0.00002,furniture,573,3.84642233857,1278,760,943
0.00000,0.00036,resorts,1246,3.81621187801,2152,939,1308
0.24519,0.00219,courteous,475,4.03157894737,768,337,489
0.09555,0.02665,facilities,543,3.83241252302,942,433,554
0.00000,0.20005,spa,635,4.21417322835,1163,498,769
0.00000,0.00000,golf,429,4.00932400932,845,431,569
0.00081,0.00395,actively,489,3.9345603272,1030,508,683
0.20105,0.12345,third,889,3.45219347582,2151,1172,1464
0.24574,0.04419,paper,1140,3.53859649123,2612,1551,1759
0.24425,0.13384,napkins,547,3.27787934186,1299,745,769
0.20988,0.03229,sticky,565,3.56460176991,1187,644,770
0.07828,0.01027,country,1295,3.91505791506,2925,1574,2031
0.17501,0.14231,opportunity,825,3.92848484848,1937,1038,1360
0.19825,0.08695,pictures,1360,3.74852941176,3365,2067,2417
0.15595,0.09572,coke,728,3.53571428571,1831,1191,1267
0.27257,0.04379,proceed,502,2.76494023904,1359,915,813
0.00390,0.00000,sprinkling,740,3.72702702703,1776,1119,1306
0.22494,0.00073,became,587,3.50766609881,1516,867,996
0.05145,0.19806,cabbage,578,3.75778546713,1365,667,927
0.11532,0.01772,freak,777,3.79794079794,1956,1379,1376
0.17560,0.03459,approached,646,3.44427244582,1723,967,1117
0.31109,0.00014,closest,402,3.82835820896,811,465,564
0.39416,0.00498,memorable,770,3.64025974026,1550,768,999
0.44384,0.01642,doubt,1121,3.48795718109,2653,1475,1756
0.00544,0.00711,machine,828,3.54468599034,1867,1121,1241
0.28785,0.02536,common,628,3.60350318471,1442,771,882
0.36100,0.40635,whatever,2040,3.69950980392,4899,3267,3446
0.00509,0.05959,cooler,706,3.9178470255,1511,915,1083
0.01127,0.00031,ac,422,3.35545023697,822,436,525
0.43166,0.03923,deep,1275,3.74274509804,2905,1837,2051
0.16150,0.01909,supporting,1121,3.78947368421,2463,1103,1690
0.15944,0.00739,board,1085,3.77603686636,2308,1263,1546
0.32102,0.05501,initial,702,3.51994301994,1637,852,1055
0.14545,0.00003,smoothie,300,3.97666666667,609,303,435
0.23621,0.00002,thoroughly,706,3.95042492918,1379,746,935
0.00005,0.04167,diners,1667,3.68206358728,3731,1992,2434
0.08495,0.04269,fingers,704,3.60227272727,1639,1072,1119
0.01876,0.07076,won,573,3.92321116928,1215,671,863
0.53903,0.12801,crepes,751,4.1171770972,1513,636,977
0.21273,0.01991,king,632,3.80221518987,1357,740,919
0.00000,0.00000,row,565,3.79469026549,1385,717,922
0.17736,0.01471,inch,530,3.43396226415,1321,766,855
0.23681,0.04218,savory,902,4.21618625277,2377,1290,1799
0.10709,0.16713,ya,623,3.77528089888,1559,1106,1215
0.47890,0.45055,alone,1861,3.80601826975,4063,2445,2868
0.00001,0.00404,singing,513,3.79532163743,1421,1028,1128
0.23781,0.15429,stomachs,952,3.54621848739,2068,1333,1356
0.26501,0.08063,shame,660,3.08181818182,1489,904,886
0.08816,0.12728,college,1165,3.65751072961,2191,1478,1573
0.05665,0.04275,quartered,562,3.55871886121,1378,709,876
0.25097,0.01213,private,857,4.00116686114,1862,858,1221
0.32459,0.06029,gold,545,3.88073394495,1286,778,915
0.27772,0.01512,famous,871,3.78530424799,1949,1180,1433
0.00012,0.00070,heck,589,3.56536502547,1434,843,915
0.04529,0.00381,womens,876,3.43378995434,2295,1811,1630
0.07759,0.03990,form,745,3.65503355705,2096,1325,1503
0.58248,0.25043,nachos,883,3.73612684032,1360,692,846
0.11662,0.03466,plastic,773,3.24191461837,2015,1412,1416
0.27941,0.02012,remain,603,3.55721393035,1627,898,1093
0.00002,0.38939,massage,296,4.22297297297,609,309,448
0.10835,0.01946,weak,617,3.19286871961,1184,663,723
0.08062,0.00585,carte,897,3.73355629877,1971,1206,1355
0.06674,0.00032,foot,578,3.43252595156,1629,1083,1132
0.32670,0.01221,higher,1004,3.47609561753,1896,1003,1149
0.14622,0.02440,vanilla,1233,4.00648824006,2888,1548,2062
0.00052,0.05736,jumped,622,3.65273311897,1629,1065,1104
0.00483,0.00045,hike,636,4.18867924528,1438,810,1033
0.10023,0.00275,hopped,699,3.83834048641,1523,890,1156
0.08712,0.09647,older,921,3.54940282302,1773,1039,1094
0.52464,0.32901,tamale,551,3.88021778584,1023,539,739
0.35942,0.09875,heartedly,1742,3.98392652124,4453,2886,3312
0.31670,0.20807,accommodating,1545,3.96893203883,2881,1319,1819
0.10101,0.13752,straight,1119,3.65326184093,2790,1863,2023
0.00671,0.00001,truck,328,3.87804878049,741,446,540
0.08002,0.00173,aisle,276,3.79710144928,796,592,590
0.44841,0.09660,mango,928,4.03556034483,1857,996,1302
0.06562,0.08706,hurry,624,3.46794871795,1208,607,742
0.05455,0.02285,showers,475,3.83789473684,1107,584,750
0.00000,0.00033,treatment,282,3.70921985816,771,411,515
0.00120,0.00640,dive,1152,3.70486111111,2504,1679,1810
0.17259,0.13313,meant,652,3.48159509202,1515,893,1033
0.21457,0.07596,terms,671,3.56482861401,1608,916,1093
0.34551,0.17644,modern,2241,3.98661311914,4793,2366,3432
0.22544,0.00080,holy,726,4.19834710744,1894,1325,1431
0.13332,0.00001,jerk,630,3.73174603175,1154,674,741
0.33262,0.00571,email,453,3.22737306843,1124,570,677
0.12683,0.19769,tucked,796,4.13944723618,1574,781,1081
0.00000,0.03740,property,511,3.88258317025,1011,453,690
0.31381,0.00044,peach,585,4.13504273504,1284,677,927
0.49486,0.15452,refreshing,1598,4.14768460576,3451,1674,2427
0.18758,0.14733,attitude,1157,2.92394122731,2704,1559,1510
0.03083,0.00008,culture,611,3.98854337152,1562,1002,1216
0.50740,0.02778,dough,717,3.83682008368,1558,804,1116
0.00360,0.00646,el,390,3.78205128205,825,479,585
0.04769,0.00849,example,682,3.54545454545,1676,900,1095
0.00317,0.00000,gas,300,3.56666666667,730,505,525
0.50002,0.00196,hummus,1910,4.03821989529,3510,1742,2503
0.37104,0.25089,avocado,1627,3.87031346036,3504,1774,2402
0.09070,0.02741,factor,592,3.60810810811,1762,953,1234
0.27229,0.12565,broth,1196,3.73662207358,2032,879,1303
0.65695,0.16534,tonight,1401,3.7380442541,3248,1796,2236
0.40881,0.11833,pudding,1003,4.16749750748,2045,987,1369
0.00017,0.06365,latte,799,4.09637046308,1470,844,1091
0.16221,0.00082,mill,1198,3.59348914858,2310,1340,1542
0.05836,0.02369,stumbled,588,4.07142857143,1177,720,862
0.06184,0.15480,rack,491,3.65784114053,1151,705,729
0.63343,0.20518,generous,1852,3.96976241901,3862,1866,2687
0.08515,0.11013,ave,779,3.66880616175,1827,1038,1310
0.41565,0.10462,trust,851,3.88014101058,2124,1253,1467
0.21238,0.01574,subway,218,3.69266055046,458,268,344
0.18762,0.16895,handling,1062,3.39924670433,2290,1305,1480
0.17345,0.00024,clients,345,3.82028985507,616,273,336
0.00253,0.01455,act,878,3.08086560364,2090,1499,1365
0.04358,0.00001,supply,243,3.6378600823,538,282,343
0.00013,0.05272,golden,570,3.97368421053,1452,824,1055
0.40852,0.10079,sister,1083,3.810710988,2081,1209,1477
0.01962,0.05534,condiments,555,3.6990990991,1112,638,748
0.11998,0.13737,cracked,528,3.74053030303,1467,989,1020
0.05228,0.01265,d,583,3.88164665523,1320,783,919
0.00400,0.07080,process,774,3.52713178295,1792,1034,1130
0.07679,0.02306,power,544,3.72426470588,1507,1030,1145
0.27455,0.08928,awkwardly,733,3.12960436562,1834,1148,1101
0.18425,0.00563,pink,682,3.66275659824,1605,1069,1219
0.09360,0.00012,budget,419,3.95704057279,769,375,514
0.31554,0.05728,shells,876,3.62100456621,1831,982,1200
0.12302,0.00584,workers,443,3.54401805869,780,481,501
0.22529,0.00731,liquor,652,3.93404907975,1441,834,1070
0.13720,0.13544,eater,811,3.93711467324,1323,657,913
0.02703,0.05159,pound,737,3.85345997286,1944,1345,1452
0.00003,0.00017,shoes,625,3.5856,1768,1298,1186
0.17327,0.30018,soy,950,3.82315789474,2196,1144,1500
0.09971,0.28788,hip,1520,3.83355263158,3146,1888,2378
0.06356,0.03935,spoon,581,3.76592082616,1499,919,1036
0.07491,0.00148,safe,690,3.67971014493,1526,981,1055
0.23011,0.00032,videos,360,3.73888888889,714,407,524
0.00046,0.00000,lazy,547,3.5831809872,1247,774,876
0.03983,0.00014,washing,868,3.8064516129,2297,1483,1673
0.18181,0.00019,ale,717,3.98186889819,1496,782,1104
0.00372,0.04310,songs,592,3.71621621622,1511,1206,1192
0.00283,0.00010,tour,640,4.0484375,1302,663,993
0.17461,0.00750,genuinely,644,4.07919254658,1429,759,1043
0.29959,0.06515,ignore,890,2.80561797753,2064,1173,1090
0.40653,0.00516,raspberry,632,4.0664556962,1288,659,928
0.51076,0.04061,sliders,1089,3.87052341598,1873,913,1221
0.16929,0.14524,chatted,1278,3.87636932707,3166,1692,2257
0.01397,0.00013,current,667,3.90104947526,1605,884,1124
0.22235,0.01024,hair,876,3.33333333333,2190,1687,1457
0.06496,0.00234,feet,647,3.40649149923,1512,1072,1008
0.39673,0.02776,carrots,994,3.86720321932,2203,1075,1452
0.07505,0.00000,collection,489,3.94069529652,1282,730,896
0.19926,0.00000,ironed,543,3.84346224678,1267,725,925
0.26174,0.09792,pumpkin,544,4.15992647059,998,545,705
0.39541,0.00719,tequila,669,3.87742899851,1238,663,888
0.02236,0.02839,attractive,869,3.64211737629,1765,1212,1285
0.00717,0.00728,sold,703,3.69985775249,1659,960,1116
0.11238,0.00000,k,317,3.70977917981,1086,753,866
0.00010,0.00000,record,379,3.80474934037,951,598,678
0.06524,0.00047,operation,523,3.81835564054,1218,673,816
0.02776,0.00978,computer,343,3.34693877551,876,518,585
0.05698,0.01414,frustrated,445,2.94382022472,886,362,466
0.07174,0.01252,uncomfortably,691,3.02749638205,1475,876,853
0.02449,0.00403,festive,386,4.00777202073,887,499,661
0.01075,0.00001,public,603,3.6600331675,1784,1157,1304
0.00204,0.00007,fight,539,3.60853432282,1240,896,889
0.11612,0.00006,nicer,496,3.66935483871,893,432,548
0.00155,0.05284,scene,1223,3.69010629599,2881,1960,2144
0.09814,0.05644,advice,602,3.75249169435,1409,776,915
0.23791,0.08975,accountant,383,3.35509138381,935,533,623
0.13545,0.02509,layer,554,3.8357400722,1426,789,1024
0.00148,0.05938,yell,512,2.97265625,1157,855,664
0.25695,0.09695,bored,1113,3.18867924528,2362,1442,1527
0.12832,0.00054,spread,805,3.93291925466,1703,863,1211
0.44459,0.06655,cuisine,1492,3.94235924933,3104,1439,2111
0.01063,0.00024,fez,577,4.03119584055,1772,1116,1493
0.15121,0.00135,grease,483,3.06418219462,1056,684,688
0.23236,0.00017,ketchup,585,3.48547008547,1302,709,843
0.11719,0.02326,muffin,736,3.86820652174,1416,694,965
0.11093,0.14275,batter,823,3.69866342649,1774,887,1176
0.00002,0.00120,drunkly,833,3.42617046819,2245,2136,1759
0.19198,0.01884,successful,553,3.76311030741,1340,748,907
0.00498,0.00000,frosting,455,3.78681318681,1121,802,878
0.00014,0.19162,broken,387,3.19379844961,927,619,616
0.38947,0.04830,partner,663,3.61538461538,1538,781,1016
0.25382,0.00255,gilbert,496,4.14314516129,675,352,441
0.99999,0.00001,repair,76,3.75,181,93,120
0.18794,0.02847,farmers,424,4.12735849057,1102,517,804
0.05582,0.00255,patties,720,3.55833333333,1712,998,1207
0.06941,0.06778,soaked,607,3.62273476112,1537,941,1105
0.05695,0.13375,massive,591,3.85956006768,1425,862,995
0.15204,0.27021,upstairs,556,3.7571942446,1138,649,827
0.03160,0.00018,toys,218,4.0504587156,508,447,424
0.00012,0.00500,conditioned,398,3.56281407035,843,475,561
0.01015,0.00216,child,449,3.6280623608,1084,796,761
0.00000,0.04495,popcorn,415,3.90843373494,846,454,552
0.23073,0.02884,goto,600,4.16666666667,1167,491,726
0.00105,0.11465,garage,477,3.83438155136,975,494,680
0.11015,0.04213,drove,725,3.65517241379,1445,853,973
0.99494,0.00001,jungle,758,3.93931398417,1073,623,775
0.00000,0.00522,access,625,3.7952,1380,713,949
0.17033,0.00901,gorgeous,906,4.1004415011,1931,885,1334
0.18762,0.00000,stadium,523,3.8948374761,940,550,705
0.57979,0.00087,sea,941,4.01806588735,2081,1110,1404
0.30107,0.10014,sampler,697,3.87948350072,1044,484,689
0.99955,0.03921,pasty,688,4.23691860465,1184,591,811
0.15936,0.00030,numerous,520,3.73269230769,983,441,612
0.00097,0.00010,lee,358,4.09497206704,767,457,571
0.00015,0.03395,gate,371,3.18867924528,823,513,525
0.20332,0.11022,venture,830,3.87590361446,1781,1017,1313
0.00363,0.04050,exhibit,489,4.20040899796,1086,608,887
0.05241,0.00007,workout,261,4.07279693487,690,443,464
0.06143,0.00010,self,605,3.68760330579,1484,977,1076
0.00000,0.00000,museum,547,4.22303473492,1016,481,788
0.04855,0.00001,track,359,3.58217270195,799,471,539
